service_id,date,exception_type
1,20260828,1
1,20260928,1
1,20260929,1
1,20260930,1
1,20261001,1
1,20261002,1
1,20261005,1
1,20261006,1
1,20261007,1
1,20261008,1
1,20261009,1
1,20261012,1
1,20261013,1
1,20261014,1
1,20261015,1
1,20261016,1
1,20261019,1
1,20261020,1
1,20261021,1
1,20261022,1
1,20261023,1
1,20261026,1
1,20261027,1
1,20261028,1
1,20261029,1
1,20261030,1
1,20261102,1
1,20261103,1
1,20261104,1
1,20261105,1
1,20261106,1
1,20261109,1
1,20261110,1
1,20261111,1
1,20261112,1
1,20261113,1
1,20261116,1
1,20261117,1
1,20261118,1
1,20261119,1
1,20261120,1
1,20261123,1
1,20261124,1
1,20261125,1
1,20261126,1
1,20261127,1
1,20261130,1
1,20261201,1
1,20261202,1
1,20261203,1
1,20261204,1
1,20261207,1
1,20261208,1
1,20261209,1
1,20261210,1
1,20261211,1
2,20261003,1
2,20261010,1
2,20261017,1
2,20261024,1
2,20261031,1
2,20261107,1
2,20261114,1
2,20261121,1
2,20261128,1
2,20261205,1
2,20261212,1
3,20260830,1
3,20261004,1
3,20261011,1
3,20261018,1
3,20261025,1
3,20261101,1
3,20261108,1
3,20261115,1
3,20261122,1
3,20261129,1
3,20261206,1
4,20260829,1
5,20260831,1
5,20260901,1
5,20260902,1
5,20260903,1
5,20260904,1
5,20260907,1
5,20260908,1
5,20260909,1
5,20260910,1
5,20260911,1
5,20260914,1
5,20260915,1
5,20260916,1
5,20260917,1
5,20260918,1
5,20260921,1
5,20260922,1
5,20260923,1
5,20260924,1
5,20260925,1
6,20260905,1
6,20260912,1
6,20260919,1
6,20260926,1
7,20260913,1
7,20260920,1
7,20260927,1
8,20260906,1
9,20260905,1
10,20260830,1
10,20260913,1
10,20260920,1
10,20260927,1
10,20261004,1
10,20261011,1
10,20261018,1
10,20261025,1
10,20261101,1
10,20261108,1
10,20261115,1
10,20261122,1
10,20261129,1
10,20261206,1
11,20260828,1
11,20260831,1
11,20260901,1
11,20260902,1
11,20260903,1
11,20260904,1
11,20260907,1
11,20260908,1
11,20260909,1
11,20260910,1
11,20260911,1
11,20260914,1
11,20260915,1
11,20260916,1
11,20260917,1
11,20260918,1
11,20260921,1
11,20260922,1
11,20260923,1
11,20260924,1
11,20260925,1
11,20260928,1
11,20260929,1
11,20260930,1
11,20261001,1
11,20261002,1
11,20261005,1
11,20261006,1
11,20261007,1
11,20261008,1
11,20261009,1
11,20261012,1
11,20261013,1
11,20261014,1
11,20261015,1
11,20261016,1
11,20261019,1
11,20261020,1
11,20261021,1
11,20261022,1
11,20261023,1
11,20261026,1
11,20261027,1
11,20261028,1
11,20261029,1
11,20261030,1
11,20261102,1
11,20261103,1
11,20261104,1
11,20261105,1
11,20261106,1
11,20261109,1
11,20261110,1
11,20261111,1
11,20261112,1
11,20261113,1
11,20261116,1
11,20261117,1
11,20261118,1
11,20261119,1
11,20261120,1
11,20261123,1
11,20261124,1
11,20261125,1
11,20261126,1
11,20261127,1
11,20261130,1
11,20261201,1
11,20261202,1
11,20261203,1
11,20261204,1
11,20261207,1
11,20261208,1
11,20261209,1
11,20261210,1
11,20261211,1
12,20260912,1
12,20260919,1
12,20260926,1
12,20261003,1
12,20261010,1
12,20261017,1
12,20261024,1
12,20261107,1
12,20261114,1
12,20261121,1
12,20261128,1
12,20261205,1
12,20261212,1
13,20260830,1
13,20260913,1
13,20260920,1
13,20260927,1
13,20261004,1
13,20261011,1
13,20261018,1
13,20261025,1
13,20261031,1
13,20261101,1
13,20261108,1
13,20261115,1
13,20261122,1
13,20261129,1
13,20261206,1
14,20260905,1
14,20260912,1
14,20260919,1
14,20260926,1
14,20261003,1
14,20261010,1
14,20261017,1
14,20261024,1
14,20261107,1
14,20261114,1
14,20261121,1
14,20261128,1
14,20261205,1
14,20261212,1
15,20260828,1
16,20260830,1
17,20260831,1
17,20260901,1
17,20260902,1
17,20260903,1
17,20260904,1
17,20260907,1
17,20260908,1
17,20260909,1
17,20260910,1
17,20260911,1
17,20260914,1
17,20260915,1
17,20260916,1
17,20260917,1
17,20260918,1
17,20260921,1
17,20260922,1
17,20260923,1
17,20260924,1
17,20260925,1
17,20260928,1
17,20260929,1
17,20260930,1
17,20261001,1
17,20261002,1
17,20261005,1
17,20261006,1
17,20261007,1
17,20261008,1
17,20261009,1
17,20261012,1
17,20261013,1
17,20261014,1
17,20261015,1
17,20261016,1
17,20261019,1
17,20261020,1
17,20261021,1
17,20261022,1
17,20261023,1
17,20261026,1
17,20261027,1
17,20261028,1
17,20261029,1
17,20261030,1
17,20261102,1
17,20261103,1
17,20261104,1
17,20261105,1
17,20261106,1
17,20261109,1
17,20261110,1
17,20261111,1
17,20261112,1
17,20261113,1
17,20261116,1
17,20261117,1
17,20261118,1
17,20261119,1
17,20261120,1
17,20261123,1
17,20261124,1
17,20261125,1
17,20261126,1
17,20261127,1
17,20261130,1
17,20261201,1
17,20261202,1
17,20261203,1
17,20261204,1
17,20261207,1
17,20261208,1
17,20261209,1
17,20261210,1
17,20261211,1
18,20260913,1
18,20260920,1
18,20260927,1
18,20261004,1
18,20261011,1
18,20261018,1
18,20261025,1
18,20261031,1
18,20261101,1
18,20261108,1
18,20261115,1
18,20261122,1
18,20261129,1
18,20261206,1
19,20260829,1
19,20260905,1
19,20260912,1
19,20260919,1
19,20260926,1
19,20261003,1
19,20261010,1
19,20261017,1
19,20261024,1
19,20261031,1
19,20261107,1
19,20261114,1
19,20261121,1
19,20261128,1
19,20261205,1
19,20261212,1
20,20260828,1
20,20260831,1
20,20260901,1
20,20260902,1
20,20260903,1
20,20260904,1
20,20260907,1
20,20260908,1
20,20260909,1
20,20260910,1
20,20260911,1
20,20260914,1
20,20260915,1
20,20260916,1
20,20260917,1
20,20260918,1
20,20260921,1
20,20260922,1
20,20260923,1
20,20260924,1
20,20260925,1
21,20260829,1
21,20260905,1
21,20260912,1
21,20260919,1
21,20260926,1
21,20261003,1
22,20260830,1
22,20260913,1
22,20260920,1
22,20260927,1
22,20261004,1
23,20260928,1
23,20260929,1
23,20260930,1
23,20261001,1
23,20261002,1
23,20261005,1
23,20261006,1
23,20261007,1
23,20261008,1
23,20261009,1
23,20261012,1
23,20261013,1
23,20261014,1
23,20261015,1
23,20261016,1
23,20261019,1
23,20261020,1
23,20261021,1
23,20261022,1
23,20261023,1
23,20261026,1
23,20261027,1
23,20261028,1
23,20261029,1
23,20261030,1
23,20261102,1
23,20261103,1
23,20261104,1
23,20261105,1
23,20261106,1
23,20261109,1
23,20261110,1
23,20261111,1
23,20261112,1
23,20261113,1
23,20261116,1
23,20261117,1
23,20261118,1
23,20261119,1
23,20261120,1
23,20261123,1
23,20261124,1
23,20261125,1
23,20261126,1
23,20261127,1
23,20261130,1
23,20261201,1
23,20261202,1
23,20261203,1
23,20261204,1
23,20261207,1
23,20261208,1
23,20261209,1
23,20261210,1
23,20261211,1
24,20261010,1
24,20261017,1
24,20261024,1
24,20261107,1
24,20261114,1
24,20261121,1
24,20261128,1
24,20261205,1
24,20261212,1
25,20261011,1
25,20261018,1
25,20261025,1
25,20261031,1
25,20261101,1
25,20261108,1
25,20261115,1
25,20261122,1
25,20261129,1
25,20261206,1
26,20260830,1
26,20260906,1
26,20260913,1
27,20260831,1
27,20260901,1
27,20260902,1
27,20260903,1
27,20260907,1
27,20260908,1
27,20260909,1
27,20260910,1
28,20260914,1
28,20260915,1
28,20260916,1
28,20260917,1
28,20260918,1
28,20260921,1
28,20260922,1
28,20260923,1
28,20260924,1
28,20260925,1
28,20260928,1
28,20260929,1
28,20260930,1
28,20261001,1
28,20261002,1
28,20261005,1
28,20261006,1
28,20261007,1
28,20261008,1
28,20261009,1
28,20261012,1
28,20261013,1
28,20261014,1
28,20261015,1
28,20261016,1
28,20261019,1
28,20261020,1
28,20261021,1
28,20261022,1
28,20261023,1
28,20261026,1
28,20261027,1
28,20261028,1
28,20261029,1
28,20261030,1
28,20261102,1
28,20261103,1
28,20261104,1
28,20261105,1
28,20261106,1
28,20261109,1
28,20261110,1
28,20261111,1
28,20261112,1
28,20261113,1
28,20261116,1
28,20261117,1
28,20261118,1
28,20261119,1
28,20261120,1
28,20261123,1
28,20261124,1
28,20261125,1
28,20261126,1
28,20261127,1
28,20261130,1
28,20261201,1
28,20261202,1
28,20261203,1
28,20261204,1
28,20261207,1
28,20261208,1
28,20261209,1
28,20261210,1
28,20261211,1
29,20260919,1
29,20260920,1
29,20260926,1
29,20260927,1
29,20261003,1
29,20261004,1
29,20261010,1
29,20261011,1
29,20261017,1
29,20261018,1
29,20261024,1
29,20261025,1
29,20261031,1
29,20261101,1
29,20261107,1
29,20261108,1
29,20261114,1
29,20261115,1
29,20261121,1
29,20261122,1
29,20261128,1
29,20261129,1
29,20261205,1
29,20261206,1
29,20261212,1
30,20260919,1
30,20260920,1
30,20260926,1
30,20260927,1
30,20261003,1
30,20261010,1
30,20261011,1
30,20261017,1
30,20261018,1
30,20261024,1
30,20261025,1
30,20261031,1
30,20261101,1
30,20261107,1
30,20261108,1
30,20261114,1
30,20261115,1
30,20261121,1
30,20261122,1
30,20261128,1
30,20261129,1
30,20261205,1
30,20261206,1
30,20261212,1
31,20260829,1
31,20260912,1
32,20260831,1
32,20260901,1
32,20260902,1
32,20260903,1
32,20260907,1
32,20260908,1
32,20260909,1
32,20260910,1
32,20260919,1
32,20260920,1
32,20260926,1
32,20260927,1
32,20261003,1
32,20261010,1
32,20261011,1
32,20261017,1
32,20261018,1
32,20261024,1
32,20261025,1
32,20261031,1
32,20261101,1
32,20261107,1
32,20261108,1
32,20261114,1
32,20261115,1
32,20261121,1
32,20261122,1
32,20261128,1
32,20261129,1
32,20261205,1
32,20261206,1
32,20261212,1
33,20260828,1
33,20260904,1
33,20260911,1
34,20260920,1
34,20260927,1
34,20261004,1
34,20261011,1
34,20261018,1
34,20261025,1
34,20261031,1
34,20261101,1
34,20261108,1
34,20261115,1
34,20261122,1
34,20261129,1
34,20261206,1
35,20260831,1
35,20260901,1
35,20260902,1
35,20260903,1
35,20260907,1
35,20260908,1
35,20260909,1
35,20260910,1
35,20260914,1
35,20260915,1
35,20260916,1
35,20260917,1
35,20260918,1
35,20260921,1
35,20260922,1
35,20260923,1
35,20260924,1
35,20260925,1
35,20260928,1
35,20260929,1
35,20260930,1
35,20261001,1
35,20261002,1
35,20261005,1
35,20261006,1
35,20261007,1
35,20261008,1
35,20261009,1
35,20261012,1
35,20261013,1
35,20261014,1
35,20261015,1
35,20261016,1
35,20261019,1
35,20261020,1
35,20261021,1
35,20261022,1
35,20261023,1
35,20261026,1
35,20261027,1
35,20261028,1
35,20261029,1
35,20261030,1
35,20261102,1
35,20261103,1
35,20261104,1
35,20261105,1
35,20261106,1
35,20261109,1
35,20261110,1
35,20261111,1
35,20261112,1
35,20261113,1
35,20261116,1
35,20261117,1
35,20261118,1
35,20261119,1
35,20261120,1
35,20261123,1
35,20261124,1
35,20261125,1
35,20261126,1
35,20261127,1
35,20261130,1
35,20261201,1
35,20261202,1
35,20261203,1
35,20261204,1
35,20261207,1
35,20261208,1
35,20261209,1
35,20261210,1
35,20261211,1
36,20260829,1
36,20260905,1
36,20260912,1
37,20260914,1
37,20260915,1
37,20260916,1
37,20260917,1
37,20260918,1
37,20260921,1
37,20260922,1
37,20260923,1
37,20260924,1
37,20260925,1
37,20260928,1
37,20260929,1
37,20260930,1
37,20261001,1
37,20261002,1
37,20261009,1
37,20261012,1
37,20261013,1
37,20261014,1
37,20261015,1
37,20261016,1
37,20261019,1
37,20261020,1
37,20261021,1
37,20261022,1
37,20261023,1
37,20261026,1
37,20261027,1
37,20261028,1
37,20261029,1
37,20261030,1
37,20261102,1
37,20261103,1
37,20261104,1
37,20261105,1
37,20261106,1
37,20261109,1
37,20261110,1
37,20261111,1
37,20261112,1
37,20261113,1
37,20261116,1
37,20261117,1
37,20261118,1
37,20261119,1
37,20261120,1
37,20261123,1
37,20261124,1
37,20261125,1
37,20261126,1
37,20261127,1
37,20261130,1
37,20261201,1
37,20261202,1
37,20261203,1
37,20261204,1
37,20261207,1
37,20261208,1
37,20261209,1
37,20261210,1
37,20261211,1
38,20260829,1
38,20260830,1
38,20260905,1
38,20260906,1
38,20260912,1
38,20260913,1
39,20261005,1
39,20261006,1
39,20261007,1
39,20261008,1
40,20260831,1
40,20260901,1
40,20260902,1
40,20260903,1
40,20260907,1
40,20260908,1
40,20260909,1
40,20260910,1
40,20260920,1
40,20260927,1
40,20261011,1
40,20261018,1
40,20261025,1
40,20261031,1
40,20261101,1
40,20261108,1
40,20261115,1
40,20261122,1
40,20261129,1
40,20261206,1
41,20260919,1
41,20260926,1
41,20261003,1
41,20261010,1
41,20261017,1
41,20261024,1
41,20261107,1
41,20261114,1
41,20261121,1
41,20261128,1
41,20261205,1
41,20261212,1
42,20260829,1
42,20260830,1
42,20260906,1
42,20260912,1
42,20260913,1
43,20261004,1
44,20260831,1
44,20260901,1
44,20260902,1
44,20260903,1
44,20260907,1
44,20260908,1
44,20260909,1
44,20260910,1
44,20260914,1
44,20260915,1
44,20260916,1
44,20260917,1
44,20260918,1
44,20260919,1
44,20260921,1
44,20260922,1
44,20260923,1
44,20260924,1
44,20260925,1
44,20260926,1
44,20260928,1
44,20260929,1
44,20260930,1
44,20261001,1
44,20261002,1
44,20261003,1
44,20261005,1
44,20261006,1
44,20261007,1
44,20261008,1
44,20261009,1
44,20261010,1
44,20261012,1
44,20261013,1
44,20261014,1
44,20261015,1
44,20261016,1
44,20261017,1
44,20261019,1
44,20261020,1
44,20261021,1
44,20261022,1
44,20261023,1
44,20261024,1
44,20261026,1
44,20261027,1
44,20261028,1
44,20261029,1
44,20261030,1
44,20261102,1
44,20261103,1
44,20261104,1
44,20261105,1
44,20261106,1
44,20261107,1
44,20261109,1
44,20261110,1
44,20261111,1
44,20261112,1
44,20261113,1
44,20261114,1
44,20261116,1
44,20261117,1
44,20261118,1
44,20261119,1
44,20261120,1
44,20261121,1
44,20261123,1
44,20261124,1
44,20261125,1
44,20261126,1
44,20261127,1
44,20261128,1
44,20261130,1
44,20261201,1
44,20261202,1
44,20261203,1
44,20261204,1
44,20261205,1
44,20261207,1
44,20261208,1
44,20261209,1
44,20261210,1
44,20261211,1
44,20261212,1
45,20260828,1
45,20260831,1
45,20260901,1
45,20260902,1
45,20260903,1
45,20260904,1
45,20260907,1
45,20260908,1
45,20260909,1
45,20260910,1
45,20260911,1
46,20260920,1
46,20260927,1
46,20261011,1
46,20261018,1
46,20261025,1
46,20261031,1
46,20261101,1
46,20261108,1
46,20261115,1
46,20261122,1
46,20261129,1
46,20261206,1
47,20260914,1
47,20260915,1
47,20260916,1
47,20260917,1
47,20260918,1
47,20260919,1
47,20260921,1
47,20260922,1
47,20260923,1
47,20260924,1
47,20260925,1
47,20260926,1
47,20260928,1
47,20260929,1
47,20260930,1
47,20261001,1
47,20261002,1
47,20261003,1
47,20261005,1
47,20261006,1
47,20261007,1
47,20261008,1
47,20261009,1
47,20261010,1
47,20261012,1
47,20261013,1
47,20261014,1
47,20261015,1
47,20261016,1
47,20261017,1
47,20261019,1
47,20261020,1
47,20261021,1
47,20261022,1
47,20261023,1
47,20261024,1
47,20261026,1
47,20261027,1
47,20261028,1
47,20261029,1
47,20261030,1
47,20261102,1
47,20261103,1
47,20261104,1
47,20261105,1
47,20261106,1
47,20261107,1
47,20261109,1
47,20261110,1
47,20261111,1
47,20261112,1
47,20261113,1
47,20261114,1
47,20261116,1
47,20261117,1
47,20261118,1
47,20261119,1
47,20261120,1
47,20261121,1
47,20261123,1
47,20261124,1
47,20261125,1
47,20261126,1
47,20261127,1
47,20261128,1
47,20261130,1
47,20261201,1
47,20261202,1
47,20261203,1
47,20261204,1
47,20261205,1
47,20261207,1
47,20261208,1
47,20261209,1
47,20261210,1
47,20261211,1
47,20261212,1
48,20260829,1
48,20260831,1
48,20260901,1
48,20260902,1
48,20260903,1
48,20260907,1
48,20260908,1
48,20260909,1
48,20260910,1
48,20260912,1
49,20260831,1
49,20260901,1
49,20260902,1
49,20260903,1
50,20260831,1
50,20260901,1
50,20260902,1
50,20260903,1
50,20260907,1
50,20260908,1
50,20260909,1
50,20260910,1
50,20260914,1
50,20260915,1
50,20260916,1
50,20260917,1
50,20260921,1
50,20260922,1
50,20260923,1
50,20260924,1
50,20260928,1
50,20260929,1
50,20260930,1
50,20261001,1
50,20261005,1
50,20261006,1
50,20261007,1
50,20261008,1
50,20261012,1
50,20261013,1
50,20261014,1
50,20261015,1
50,20261019,1
50,20261020,1
50,20261021,1
50,20261022,1
50,20261026,1
50,20261027,1
50,20261028,1
50,20261029,1
50,20261102,1
50,20261103,1
50,20261104,1
50,20261105,1
50,20261109,1
50,20261110,1
50,20261111,1
50,20261112,1
50,20261116,1
50,20261117,1
50,20261118,1
50,20261119,1
50,20261123,1
50,20261124,1
50,20261125,1
50,20261126,1
50,20261130,1
50,20261201,1
50,20261202,1
50,20261203,1
50,20261207,1
50,20261208,1
50,20261209,1
50,20261210,1
51,20260907,1
51,20260908,1
51,20260909,1
51,20260910,1
51,20260914,1
51,20260915,1
51,20260916,1
51,20260917,1
51,20260921,1
51,20260922,1
51,20260923,1
51,20260924,1
51,20260928,1
51,20260929,1
51,20260930,1
51,20261001,1
51,20261005,1
51,20261006,1
51,20261007,1
51,20261008,1
51,20261012,1
51,20261013,1
51,20261014,1
51,20261015,1
51,20261019,1
51,20261020,1
51,20261021,1
51,20261022,1
51,20261026,1
51,20261027,1
51,20261028,1
51,20261029,1
51,20261102,1
51,20261103,1
51,20261104,1
51,20261105,1
51,20261109,1
51,20261110,1
51,20261111,1
51,20261112,1
51,20261116,1
51,20261117,1
51,20261118,1
51,20261119,1
51,20261123,1
51,20261124,1
51,20261125,1
51,20261126,1
51,20261130,1
51,20261201,1
51,20261202,1
51,20261203,1
51,20261207,1
51,20261208,1
51,20261209,1
51,20261210,1
52,20260828,1
52,20260904,1
52,20260911,1
52,20260918,1
52,20260925,1
52,20261002,1
52,20261009,1
52,20261016,1
52,20261023,1
52,20261030,1
52,20261106,1
52,20261113,1
52,20261120,1
52,20261127,1
52,20261204,1
52,20261211,1
53,20260830,1
53,20260906,1
53,20260913,1
53,20260920,1
53,20260927,1
53,20261004,1
53,20261011,1
53,20261018,1
53,20261025,1
53,20261101,1
53,20261108,1
53,20261115,1
53,20261122,1
53,20261129,1
53,20261206,1
54,20260828,1
54,20260904,1
55,20260911,1
55,20260918,1
55,20260925,1
55,20261002,1
55,20261009,1
55,20261016,1
55,20261023,1
55,20261030,1
55,20261106,1
55,20261113,1
55,20261120,1
55,20261127,1
55,20261204,1
55,20261211,1
56,20260828,1
56,20260829,1
56,20260830,1
56,20260831,1
56,20260901,1
56,20260902,1
56,20260903,1
56,20260904,1
56,20260905,1
56,20260906,1
56,20260907,1
56,20260908,1
56,20260909,1
56,20260910,1
56,20260911,1
56,20260912,1
56,20260913,1
56,20260914,1
56,20260915,1
56,20260916,1
56,20260917,1
56,20260918,1
56,20260919,1
56,20260920,1
56,20260921,1
56,20260922,1
56,20260923,1
56,20260924,1
56,20260925,1
56,20260926,1
56,20260927,1
56,20260928,1
56,20260929,1
56,20260930,1
56,20261001,1
56,20261002,1
56,20261003,1
56,20261004,1
56,20261005,1
56,20261006,1
56,20261007,1
56,20261008,1
56,20261009,1
56,20261010,1
56,20261011,1
56,20261012,1
56,20261013,1
56,20261014,1
56,20261015,1
56,20261016,1
56,20261017,1
56,20261018,1
56,20261019,1
56,20261020,1
56,20261021,1
56,20261022,1
56,20261023,1
56,20261024,1
56,20261025,1
56,20261026,1
56,20261027,1
56,20261028,1
56,20261029,1
56,20261030,1
56,20261031,1
56,20261101,1
56,20261102,1
56,20261103,1
56,20261104,1
56,20261105,1
56,20261106,1
56,20261107,1
56,20261108,1
56,20261109,1
56,20261110,1
56,20261111,1
56,20261112,1
56,20261113,1
56,20261114,1
56,20261115,1
56,20261116,1
56,20261117,1
56,20261118,1
56,20261119,1
56,20261120,1
56,20261121,1
56,20261122,1
56,20261123,1
56,20261124,1
56,20261125,1
56,20261126,1
56,20261127,1
56,20261128,1
56,20261129,1
56,20261130,1
56,20261201,1
56,20261202,1
56,20261203,1
56,20261204,1
56,20261205,1
56,20261206,1
56,20261207,1
56,20261208,1
56,20261209,1
56,20261210,1
56,20261211,1
56,20261212,1
57,20260828,1
57,20260829,1
57,20260831,1
57,20260901,1
57,20260902,1
57,20260903,1
57,20260904,1
57,20260905,1
57,20260907,1
57,20260908,1
57,20260909,1
57,20260910,1
57,20260911,1
57,20260912,1
57,20260914,1
57,20260915,1
57,20260916,1
57,20260917,1
57,20260918,1
57,20260919,1
57,20260921,1
57,20260922,1
57,20260923,1
57,20260924,1
57,20260925,1
57,20260926,1
57,20260928,1
57,20260929,1
57,20260930,1
57,20261001,1
57,20261002,1
57,20261003,1
57,20261005,1
57,20261006,1
57,20261007,1
57,20261008,1
57,20261009,1
57,20261010,1
57,20261012,1
57,20261013,1
57,20261014,1
57,20261015,1
57,20261016,1
57,20261017,1
57,20261019,1
57,20261020,1
57,20261021,1
57,20261022,1
57,20261023,1
57,20261024,1
57,20261026,1
57,20261027,1
57,20261028,1
57,20261029,1
57,20261030,1
57,20261102,1
57,20261103,1
57,20261104,1
57,20261105,1
57,20261106,1
57,20261107,1
57,20261109,1
57,20261110,1
57,20261111,1
57,20261112,1
57,20261113,1
57,20261114,1
57,20261116,1
57,20261117,1
57,20261118,1
57,20261119,1
57,20261120,1
57,20261121,1
57,20261123,1
57,20261124,1
57,20261125,1
57,20261126,1
57,20261127,1
57,20261128,1
57,20261130,1
57,20261201,1
57,20261202,1
57,20261203,1
57,20261204,1
57,20261205,1
57,20261207,1
57,20261208,1
57,20261209,1
57,20261210,1
57,20261211,1
57,20261212,1
58,20260829,1
58,20260830,1
58,20260905,1
58,20260906,1
58,20260912,1
58,20260913,1
58,20260919,1
58,20260920,1
58,20260926,1
58,20260927,1
58,20261003,1
58,20261004,1
58,20261010,1
58,20261011,1
58,20261017,1
58,20261018,1
58,20261024,1
58,20261025,1
58,20261031,1
58,20261101,1
58,20261107,1
58,20261108,1
58,20261114,1
58,20261115,1
58,20261121,1
58,20261122,1
58,20261128,1
58,20261129,1
58,20261205,1
58,20261206,1
58,20261212,1
59,20260829,1
59,20260905,1
59,20260912,1
59,20260919,1
59,20260926,1
59,20261003,1
59,20261010,1
59,20261017,1
59,20261024,1
59,20261107,1
59,20261114,1
59,20261121,1
59,20261128,1
59,20261205,1
59,20261212,1
60,20260830,1
60,20260906,1
60,20260913,1
60,20260920,1
60,20260927,1
60,20261004,1
60,20261011,1
60,20261018,1
60,20261025,1
60,20261031,1
60,20261101,1
60,20261108,1
60,20261115,1
60,20261122,1
60,20261129,1
60,20261206,1
61,20260828,1
61,20260830,1
61,20260831,1
61,20260901,1
61,20260902,1
61,20260903,1
61,20260904,1
61,20260906,1
61,20260907,1
61,20260908,1
61,20260909,1
61,20260910,1
61,20260911,1
61,20260913,1
61,20260914,1
61,20260915,1
61,20260916,1
61,20260917,1
61,20260918,1
61,20260920,1
61,20260921,1
61,20260922,1
61,20260923,1
61,20260924,1
61,20260925,1
61,20260927,1
61,20260928,1
61,20260929,1
61,20260930,1
61,20261001,1
61,20261002,1
61,20261004,1
61,20261005,1
61,20261006,1
61,20261007,1
61,20261008,1
61,20261009,1
61,20261011,1
61,20261012,1
61,20261013,1
61,20261014,1
61,20261015,1
61,20261016,1
61,20261018,1
61,20261019,1
61,20261020,1
61,20261021,1
61,20261022,1
61,20261023,1
61,20261025,1
61,20261026,1
61,20261027,1
61,20261028,1
61,20261029,1
61,20261030,1
61,20261031,1
61,20261101,1
61,20261102,1
61,20261103,1
61,20261104,1
61,20261105,1
61,20261106,1
61,20261108,1
61,20261109,1
61,20261110,1
61,20261111,1
61,20261112,1
61,20261113,1
61,20261115,1
61,20261116,1
61,20261117,1
61,20261118,1
61,20261119,1
61,20261120,1
61,20261122,1
61,20261123,1
61,20261124,1
61,20261125,1
61,20261126,1
61,20261127,1
61,20261129,1
61,20261130,1
61,20261201,1
61,20261202,1
61,20261203,1
61,20261204,1
61,20261206,1
61,20261207,1
61,20261208,1
61,20261209,1
61,20261210,1
61,20261211,1
62,20260828,1
62,20260829,1
62,20260904,1
62,20260905,1
62,20260911,1
62,20260912,1
62,20260918,1
62,20260919,1
62,20260925,1
62,20260926,1
62,20261002,1
62,20261003,1
62,20261009,1
62,20261010,1
62,20261016,1
62,20261017,1
62,20261023,1
62,20261024,1
62,20261030,1
62,20261031,1
62,20261106,1
62,20261107,1
62,20261113,1
62,20261114,1
62,20261120,1
62,20261121,1
62,20261127,1
62,20261128,1
62,20261204,1
62,20261205,1
62,20261211,1
62,20261212,1
63,20260829,1
63,20260831,1
63,20260901,1
63,20260902,1
63,20260903,1
63,20260905,1
63,20260907,1
63,20260908,1
63,20260909,1
63,20260910,1
63,20260912,1
63,20260914,1
63,20260915,1
63,20260916,1
63,20260917,1
63,20260919,1
63,20260921,1
63,20260922,1
63,20260923,1
63,20260924,1
63,20260926,1
63,20260928,1
63,20260929,1
63,20260930,1
63,20261001,1
63,20261003,1
63,20261005,1
63,20261006,1
63,20261007,1
63,20261008,1
63,20261010,1
63,20261012,1
63,20261013,1
63,20261014,1
63,20261015,1
63,20261017,1
63,20261019,1
63,20261020,1
63,20261021,1
63,20261022,1
63,20261024,1
63,20261026,1
63,20261027,1
63,20261028,1
63,20261029,1
63,20261102,1
63,20261103,1
63,20261104,1
63,20261105,1
63,20261107,1
63,20261109,1
63,20261110,1
63,20261111,1
63,20261112,1
63,20261114,1
63,20261116,1
63,20261117,1
63,20261118,1
63,20261119,1
63,20261121,1
63,20261123,1
63,20261124,1
63,20261125,1
63,20261126,1
63,20261128,1
63,20261130,1
63,20261201,1
63,20261202,1
63,20261203,1
63,20261205,1
63,20261207,1
63,20261208,1
63,20261209,1
63,20261210,1
63,20261212,1
64,20260829,1
64,20260830,1
64,20260905,1
64,20260906,1
64,20260912,1
64,20260913,1
64,20260919,1
64,20260920,1
64,20260926,1
64,20260927,1
64,20261003,1
64,20261004,1
64,20261017,1
64,20261018,1
64,20261024,1
64,20261025,1
64,20261031,1
64,20261101,1
64,20261107,1
64,20261108,1
64,20261114,1
64,20261115,1
64,20261121,1
64,20261122,1
64,20261128,1
64,20261129,1
64,20261205,1
64,20261206,1
64,20261212,1
65,20260828,1
65,20260831,1
65,20260901,1
65,20260902,1
65,20260903,1
65,20260904,1
65,20260907,1
65,20260908,1
65,20260909,1
65,20260910,1
65,20260911,1
65,20260914,1
65,20260915,1
65,20260916,1
65,20260917,1
65,20260918,1
65,20260921,1
65,20260922,1
65,20260923,1
65,20260924,1
65,20260925,1
65,20260928,1
65,20260929,1
65,20260930,1
65,20261001,1
65,20261002,1
65,20261005,1
65,20261006,1
65,20261007,1
65,20261008,1
65,20261009,1
65,20261016,1
65,20261019,1
65,20261020,1
65,20261021,1
65,20261022,1
65,20261023,1
65,20261026,1
65,20261027,1
65,20261028,1
65,20261029,1
65,20261030,1
65,20261102,1
65,20261103,1
65,20261104,1
65,20261105,1
65,20261106,1
65,20261109,1
65,20261110,1
65,20261111,1
65,20261112,1
65,20261113,1
65,20261116,1
65,20261117,1
65,20261118,1
65,20261119,1
65,20261120,1
65,20261123,1
65,20261124,1
65,20261125,1
65,20261126,1
65,20261127,1
65,20261130,1
65,20261201,1
65,20261202,1
65,20261203,1
65,20261204,1
65,20261207,1
65,20261208,1
65,20261209,1
65,20261210,1
65,20261211,1
66,20260828,1
66,20260831,1
66,20260901,1
66,20260902,1
66,20260903,1
66,20260904,1
66,20260907,1
66,20260908,1
66,20260909,1
66,20260910,1
66,20260911,1
66,20260914,1
66,20260915,1
66,20260916,1
66,20260917,1
66,20260918,1
66,20260921,1
66,20260922,1
66,20260923,1
66,20260924,1
66,20260925,1
66,20261002,1
66,20261005,1
66,20261006,1
66,20261007,1
66,20261008,1
66,20261009,1
66,20261012,1
66,20261013,1
66,20261014,1
66,20261015,1
66,20261016,1
66,20261019,1
66,20261020,1
66,20261021,1
66,20261022,1
66,20261023,1
66,20261026,1
66,20261027,1
66,20261028,1
66,20261029,1
66,20261030,1
66,20261102,1
66,20261103,1
66,20261104,1
66,20261105,1
66,20261106,1
66,20261109,1
66,20261110,1
66,20261111,1
66,20261112,1
66,20261113,1
66,20261116,1
66,20261117,1
66,20261118,1
66,20261119,1
66,20261120,1
66,20261123,1
66,20261124,1
66,20261125,1
66,20261126,1
66,20261127,1
66,20261130,1
66,20261201,1
66,20261202,1
66,20261203,1
66,20261204,1
66,20261207,1
66,20261208,1
66,20261209,1
66,20261210,1
66,20261211,1
67,20260828,1
67,20260829,1
67,20260830,1
67,20260831,1
67,20260901,1
67,20260902,1
67,20260903,1
67,20260904,1
67,20260905,1
67,20260906,1
67,20260907,1
67,20260908,1
67,20260909,1
67,20260910,1
67,20260911,1
67,20260912,1
67,20260913,1
67,20260914,1
67,20260915,1
67,20260916,1
67,20260917,1
67,20260918,1
67,20260919,1
67,20260920,1
67,20260921,1
67,20260922,1
67,20260923,1
67,20260924,1
67,20260925,1
67,20260926,1
67,20261002,1
67,20261003,1
67,20261004,1
67,20261005,1
67,20261006,1
67,20261007,1
67,20261008,1
67,20261009,1
67,20261010,1
67,20261011,1
67,20261012,1
67,20261013,1
67,20261014,1
67,20261015,1
67,20261016,1
67,20261017,1
67,20261018,1
67,20261019,1
67,20261020,1
67,20261021,1
67,20261022,1
67,20261023,1
67,20261024,1
67,20261025,1
67,20261026,1
67,20261027,1
67,20261028,1
67,20261029,1
67,20261030,1
67,20261031,1
67,20261101,1
67,20261102,1
67,20261103,1
67,20261104,1
67,20261105,1
67,20261106,1
67,20261107,1
67,20261108,1
67,20261109,1
67,20261110,1
67,20261111,1
67,20261112,1
67,20261113,1
67,20261114,1
67,20261115,1
67,20261116,1
67,20261117,1
67,20261118,1
67,20261119,1
67,20261120,1
67,20261121,1
67,20261122,1
67,20261123,1
67,20261124,1
67,20261125,1
67,20261126,1
67,20261127,1
67,20261128,1
67,20261129,1
67,20261130,1
67,20261201,1
67,20261202,1
67,20261203,1
67,20261204,1
67,20261205,1
67,20261206,1
67,20261207,1
67,20261208,1
67,20261209,1
67,20261210,1
67,20261211,1
67,20261212,1
68,20260829,1
68,20260830,1
68,20260905,1
68,20260906,1
68,20260912,1
68,20260913,1
68,20260919,1
68,20260920,1
68,20260926,1
68,20261003,1
68,20261004,1
68,20261010,1
68,20261011,1
68,20261017,1
68,20261018,1
68,20261024,1
68,20261025,1
68,20261031,1
68,20261101,1
68,20261107,1
68,20261108,1
68,20261114,1
68,20261115,1
68,20261121,1
68,20261122,1
68,20261128,1
68,20261129,1
68,20261205,1
68,20261206,1
68,20261212,1
69,20260927,1
70,20260928,1
70,20260929,1
70,20260930,1
70,20261001,1
71,20261024,1
71,20261025,1
71,20261031,1
71,20261101,1
71,20261107,1
71,20261108,1
71,20261114,1
71,20261115,1
71,20261121,1
71,20261122,1
71,20261128,1
71,20261129,1
71,20261205,1
71,20261206,1
71,20261212,1
72,20261023,1
72,20261030,1
72,20261106,1
72,20261113,1
72,20261120,1
72,20261127,1
72,20261204,1
72,20261211,1
73,20261024,1
73,20261025,1
73,20261031,1
74,20261019,1
74,20261020,1
74,20261021,1
74,20261022,1
74,20261023,1
74,20261026,1
74,20261027,1
74,20261028,1
74,20261029,1
74,20261030,1
74,20261102,1
74,20261103,1
74,20261104,1
74,20261105,1
74,20261106,1
74,20261109,1
74,20261110,1
74,20261111,1
74,20261112,1
74,20261113,1
74,20261116,1
74,20261117,1
74,20261118,1
74,20261119,1
74,20261120,1
74,20261123,1
74,20261124,1
74,20261125,1
74,20261126,1
74,20261127,1
74,20261130,1
74,20261201,1
74,20261202,1
74,20261203,1
74,20261204,1
74,20261207,1
74,20261208,1
74,20261209,1
74,20261210,1
74,20261211,1
75,20261101,1
75,20261107,1
75,20261108,1
75,20261114,1
75,20261115,1
75,20261121,1
75,20261122,1
75,20261128,1
75,20261129,1
75,20261205,1
75,20261206,1
75,20261212,1
76,20261024,1
76,20261031,1
76,20261107,1
76,20261114,1
76,20261121,1
76,20261128,1
76,20261205,1
76,20261212,1
77,20260829,1
77,20260830,1
77,20260905,1
77,20260906,1
77,20260912,1
77,20260913,1
77,20260919,1
77,20260920,1
77,20260926,1
77,20260927,1
77,20261003,1
77,20261004,1
77,20261010,1
77,20261011,1
77,20261017,1
77,20261018,1
78,20260828,1
78,20260831,1
78,20260901,1
78,20260902,1
78,20260903,1
78,20260904,1
78,20260907,1
78,20260908,1
78,20260909,1
78,20260910,1
78,20260911,1
78,20260914,1
78,20260915,1
78,20260916,1
78,20260917,1
78,20260918,1
78,20260921,1
78,20260922,1
78,20260923,1
78,20260924,1
78,20260925,1
78,20260928,1
78,20260929,1
78,20260930,1
78,20261001,1
78,20261002,1
78,20261005,1
78,20261006,1
78,20261007,1
78,20261008,1
78,20261009,1
78,20261012,1
78,20261013,1
78,20261014,1
78,20261015,1
78,20261016,1
79,20260829,1
79,20260905,1
79,20260912,1
79,20260919,1
79,20260926,1
79,20261003,1
79,20261010,1
79,20261017,1
80,20260828,1
80,20260904,1
80,20260911,1
80,20260918,1
80,20260925,1
80,20261002,1
80,20261009,1
80,20261016,1
81,20261025,1
81,20261101,1
81,20261108,1
81,20261115,1
81,20261122,1
81,20261129,1
81,20261206,1
82,20260830,1
82,20260906,1
82,20260913,1
82,20260920,1
82,20260927,1
82,20261004,1
82,20261011,1
82,20261018,1
83,20260829,1
83,20260830,1
83,20260905,1
83,20260906,1
83,20260912,1
83,20260913,1
83,20260919,1
83,20260920,1
83,20260926,1
83,20260927,1
83,20261003,1
83,20261004,1
83,20261010,1
83,20261011,1
83,20261017,1
83,20261018,1
83,20261024,1
83,20261025,1
83,20261031,1
84,20261019,1
84,20261020,1
84,20261021,1
84,20261022,1
84,20261026,1
84,20261027,1
84,20261028,1
84,20261029,1
84,20261102,1
84,20261103,1
84,20261104,1
84,20261105,1
84,20261109,1
84,20261110,1
84,20261111,1
84,20261112,1
84,20261116,1
84,20261117,1
84,20261118,1
84,20261119,1
84,20261123,1
84,20261124,1
84,20261125,1
84,20261126,1
84,20261130,1
84,20261201,1
84,20261202,1
84,20261203,1
84,20261207,1
84,20261208,1
84,20261209,1
84,20261210,1
85,20260831,1
85,20260901,1
85,20260902,1
85,20260903,1
85,20260907,1
85,20260908,1
85,20260909,1
85,20260910,1
85,20260914,1
85,20260915,1
85,20260916,1
85,20260917,1
85,20260921,1
85,20260922,1
85,20260923,1
85,20260924,1
85,20260928,1
85,20260929,1
85,20260930,1
85,20261001,1
85,20261005,1
85,20261006,1
85,20261007,1
85,20261008,1
85,20261012,1
85,20261013,1
85,20261014,1
85,20261015,1
86,20260828,1
86,20260831,1
86,20260901,1
86,20260902,1
86,20260903,1
86,20260904,1
86,20260907,1
86,20260908,1
86,20260909,1
86,20260910,1
86,20260911,1
86,20260914,1
86,20260915,1
86,20260916,1
86,20260917,1
86,20260918,1
86,20260921,1
86,20260922,1
86,20260923,1
86,20260924,1
86,20260925,1
86,20260928,1
86,20260929,1
86,20260930,1
86,20261001,1
86,20261002,1
86,20261005,1
86,20261006,1
86,20261007,1
86,20261008,1
86,20261009,1
86,20261012,1
86,20261013,1
86,20261014,1
86,20261015,1
86,20261016,1
86,20261019,1
86,20261020,1
86,20261021,1
86,20261022,1
86,20261023,1
86,20261026,1
86,20261027,1
86,20261028,1
86,20261029,1
86,20261030,1
87,20261102,1
87,20261103,1
87,20261104,1
87,20261105,1
87,20261106,1
87,20261109,1
87,20261110,1
87,20261111,1
87,20261112,1
87,20261113,1
87,20261116,1
87,20261117,1
87,20261118,1
87,20261119,1
87,20261120,1
87,20261123,1
87,20261124,1
87,20261125,1
87,20261126,1
87,20261127,1
87,20261130,1
87,20261201,1
87,20261202,1
87,20261203,1
87,20261204,1
87,20261207,1
87,20261208,1
87,20261209,1
87,20261210,1
87,20261211,1
88,20260828,1
88,20260831,1
88,20260901,1
88,20260902,1
88,20260903,1
88,20260904,1
88,20260907,1
88,20260908,1
88,20260909,1
88,20260910,1
88,20260911,1
88,20260918,1
88,20260921,1
88,20260922,1
88,20260923,1
88,20260924,1
88,20260925,1
88,20260928,1
88,20260929,1
88,20260930,1
88,20261001,1
88,20261002,1
88,20261005,1
88,20261006,1
88,20261007,1
88,20261008,1
88,20261009,1
88,20261012,1
88,20261013,1
88,20261014,1
88,20261015,1
88,20261016,1
88,20261019,1
88,20261020,1
88,20261021,1
88,20261022,1
88,20261023,1
88,20261026,1
88,20261027,1
88,20261028,1
88,20261029,1
88,20261030,1
88,20261102,1
88,20261103,1
88,20261104,1
88,20261105,1
88,20261106,1
88,20261109,1
88,20261110,1
88,20261111,1
88,20261112,1
88,20261113,1
88,20261116,1
88,20261117,1
88,20261118,1
88,20261119,1
88,20261120,1
88,20261123,1
88,20261124,1
88,20261125,1
88,20261126,1
88,20261127,1
88,20261130,1
88,20261201,1
88,20261202,1
88,20261203,1
88,20261204,1
88,20261207,1
88,20261208,1
88,20261209,1
88,20261210,1
88,20261211,1
89,20260828,1
89,20260829,1
89,20260830,1
89,20260831,1
89,20260901,1
89,20260902,1
89,20260903,1
89,20260904,1
89,20260905,1
89,20260906,1
89,20260907,1
89,20260908,1
89,20260909,1
89,20260910,1
89,20260911,1
89,20260912,1
89,20260918,1
89,20260919,1
89,20260920,1
89,20260921,1
89,20260922,1
89,20260923,1
89,20260924,1
89,20260925,1
89,20260926,1
89,20260927,1
89,20260928,1
89,20260929,1
89,20260930,1
89,20261001,1
89,20261002,1
89,20261003,1
89,20261004,1
89,20261005,1
89,20261006,1
89,20261007,1
89,20261008,1
89,20261009,1
89,20261010,1
89,20261011,1
89,20261012,1
89,20261013,1
89,20261014,1
89,20261015,1
89,20261016,1
89,20261017,1
89,20261018,1
89,20261019,1
89,20261020,1
89,20261021,1
89,20261022,1
89,20261023,1
89,20261024,1
89,20261025,1
89,20261026,1
89,20261027,1
89,20261028,1
89,20261029,1
89,20261030,1
89,20261031,1
89,20261101,1
89,20261102,1
89,20261103,1
89,20261104,1
89,20261105,1
89,20261106,1
89,20261107,1
89,20261108,1
89,20261109,1
89,20261110,1
89,20261111,1
89,20261112,1
89,20261113,1
89,20261114,1
89,20261115,1
89,20261116,1
89,20261117,1
89,20261118,1
89,20261119,1
89,20261120,1
89,20261121,1
89,20261122,1
89,20261123,1
89,20261124,1
89,20261125,1
89,20261126,1
89,20261127,1
89,20261128,1
89,20261129,1
89,20261130,1
89,20261201,1
89,20261202,1
89,20261203,1
89,20261204,1
89,20261205,1
89,20261206,1
89,20261207,1
89,20261208,1
89,20261209,1
89,20261210,1
89,20261211,1
89,20261212,1
90,20260828,1
90,20260829,1
90,20260830,1
90,20260904,1
90,20260905,1
90,20260906,1
90,20260911,1
90,20260912,1
90,20260918,1
90,20260919,1
90,20260920,1
90,20260925,1
90,20260926,1
90,20260927,1
90,20261002,1
90,20261003,1
90,20261004,1
90,20261009,1
90,20261010,1
90,20261011,1
90,20261016,1
90,20261017,1
90,20261018,1
90,20261023,1
90,20261024,1
90,20261025,1
90,20261030,1
90,20261031,1
90,20261101,1
90,20261106,1
90,20261107,1
90,20261108,1
90,20261113,1
90,20261114,1
90,20261115,1
90,20261120,1
90,20261121,1
90,20261122,1
90,20261127,1
90,20261128,1
90,20261129,1
90,20261204,1
90,20261205,1
90,20261206,1
90,20261211,1
90,20261212,1
91,20260828,1
91,20260829,1
91,20260904,1
91,20260905,1
91,20260911,1
91,20260912,1
91,20260918,1
91,20260919,1
91,20260925,1
91,20260926,1
91,20261002,1
91,20261003,1
91,20261009,1
91,20261010,1
91,20261016,1
91,20261017,1
91,20261023,1
91,20261024,1
91,20261030,1
91,20261106,1
91,20261107,1
91,20261113,1
91,20261114,1
91,20261120,1
91,20261121,1
91,20261127,1
91,20261128,1
91,20261204,1
91,20261205,1
91,20261211,1
91,20261212,1
92,20260829,1
92,20260830,1
92,20260905,1
92,20260906,1
92,20260912,1
92,20260919,1
92,20260920,1
92,20260926,1
92,20260927,1
92,20261003,1
92,20261004,1
92,20261010,1
92,20261011,1
92,20261017,1
92,20261018,1
92,20261024,1
92,20261025,1
92,20261031,1
92,20261101,1
92,20261107,1
92,20261108,1
92,20261114,1
92,20261115,1
92,20261121,1
92,20261122,1
92,20261128,1
92,20261129,1
92,20261205,1
92,20261206,1
92,20261212,1
93,20260830,1
93,20260831,1
93,20260901,1
93,20260902,1
93,20260903,1
93,20260906,1
93,20260907,1
93,20260908,1
93,20260909,1
93,20260910,1
93,20260920,1
93,20260921,1
93,20260922,1
93,20260923,1
93,20260924,1
93,20260927,1
93,20260928,1
93,20260929,1
93,20260930,1
93,20261001,1
93,20261004,1
93,20261005,1
93,20261006,1
93,20261007,1
93,20261008,1
93,20261011,1
93,20261012,1
93,20261013,1
93,20261014,1
93,20261015,1
93,20261018,1
93,20261019,1
93,20261020,1
93,20261021,1
93,20261022,1
93,20261025,1
93,20261026,1
93,20261027,1
93,20261028,1
93,20261029,1
93,20261031,1
93,20261101,1
93,20261102,1
93,20261103,1
93,20261104,1
93,20261105,1
93,20261108,1
93,20261109,1
93,20261110,1
93,20261111,1
93,20261112,1
93,20261115,1
93,20261116,1
93,20261117,1
93,20261118,1
93,20261119,1
93,20261122,1
93,20261123,1
93,20261124,1
93,20261125,1
93,20261126,1
93,20261129,1
93,20261130,1
93,20261201,1
93,20261202,1
93,20261203,1
93,20261206,1
93,20261207,1
93,20261208,1
93,20261209,1
93,20261210,1
94,20260831,1
94,20260901,1
94,20260902,1
94,20260903,1
94,20260907,1
94,20260908,1
94,20260909,1
94,20260910,1
94,20260921,1
94,20260922,1
94,20260923,1
94,20260924,1
94,20260928,1
94,20260929,1
94,20260930,1
94,20261001,1
94,20261005,1
94,20261006,1
94,20261007,1
94,20261008,1
94,20261012,1
94,20261013,1
94,20261014,1
94,20261015,1
94,20261019,1
94,20261020,1
94,20261021,1
94,20261022,1
94,20261026,1
94,20261027,1
94,20261028,1
94,20261029,1
94,20261102,1
94,20261103,1
94,20261104,1
94,20261105,1
94,20261109,1
94,20261110,1
94,20261111,1
94,20261112,1
94,20261116,1
94,20261117,1
94,20261118,1
94,20261119,1
94,20261123,1
94,20261124,1
94,20261125,1
94,20261126,1
94,20261130,1
94,20261201,1
94,20261202,1
94,20261203,1
94,20261207,1
94,20261208,1
94,20261209,1
94,20261210,1
95,20260913,1
96,20260914,1
96,20260915,1
96,20260916,1
96,20260917,1
97,20261031,1
98,20260828,1
98,20260829,1
98,20260830,1
98,20260831,1
98,20260901,1
98,20260902,1
98,20260903,1
98,20260904,1
98,20260905,1
98,20260906,1
98,20260907,1
98,20260908,1
98,20260909,1
98,20260910,1
98,20260911,1
98,20260912,1
98,20260914,1
98,20260915,1
98,20260916,1
98,20260917,1
98,20260918,1
98,20260919,1
98,20260920,1
98,20260921,1
98,20260922,1
98,20260923,1
98,20260924,1
98,20260925,1
98,20260926,1
98,20260927,1
98,20260928,1
98,20260929,1
98,20260930,1
98,20261001,1
98,20261002,1
98,20261003,1
98,20261004,1
98,20261005,1
98,20261006,1
98,20261007,1
98,20261008,1
98,20261009,1
98,20261010,1
98,20261011,1
98,20261012,1
98,20261013,1
98,20261014,1
98,20261015,1
98,20261016,1
98,20261017,1
98,20261018,1
98,20261019,1
98,20261020,1
98,20261021,1
98,20261022,1
98,20261023,1
98,20261024,1
98,20261025,1
98,20261026,1
98,20261027,1
98,20261028,1
98,20261029,1
98,20261030,1
98,20261031,1
98,20261101,1
98,20261102,1
98,20261103,1
98,20261104,1
98,20261105,1
98,20261106,1
98,20261107,1
98,20261108,1
98,20261109,1
98,20261110,1
98,20261111,1
98,20261112,1
98,20261113,1
98,20261114,1
98,20261115,1
98,20261116,1
98,20261117,1
98,20261118,1
98,20261119,1
98,20261120,1
98,20261121,1
98,20261122,1
98,20261123,1
98,20261124,1
98,20261125,1
98,20261126,1
98,20261127,1
98,20261128,1
98,20261129,1
98,20261130,1
98,20261201,1
98,20261202,1
98,20261203,1
98,20261204,1
98,20261205,1
98,20261206,1
98,20261207,1
98,20261208,1
98,20261209,1
98,20261210,1
98,20261211,1
98,20261212,1
99,20260913,1
99,20260914,1
99,20260915,1
99,20260916,1
99,20260917,1
100,20260830,1
100,20260906,1
100,20260920,1
100,20260927,1
100,20261004,1
100,20261011,1
100,20261018,1
100,20261025,1
100,20261031,1
100,20261101,1
100,20261108,1
100,20261115,1
100,20261122,1
100,20261129,1
100,20261206,1
101,20260828,1
101,20260830,1
101,20260831,1
101,20260901,1
101,20260902,1
101,20260903,1
101,20260904,1
101,20260906,1
101,20260907,1
101,20260908,1
101,20260909,1
101,20260910,1
101,20260911,1
101,20260918,1
101,20260920,1
101,20260921,1
101,20260922,1
101,20260923,1
101,20260924,1
101,20260925,1
101,20260927,1
101,20260928,1
101,20260929,1
101,20260930,1
101,20261001,1
101,20261002,1
101,20261004,1
101,20261005,1
101,20261006,1
101,20261007,1
101,20261008,1
101,20261009,1
101,20261011,1
101,20261012,1
101,20261013,1
101,20261014,1
101,20261015,1
101,20261016,1
101,20261018,1
101,20261019,1
101,20261020,1
101,20261021,1
101,20261022,1
101,20261023,1
101,20261025,1
101,20261026,1
101,20261027,1
101,20261028,1
101,20261029,1
101,20261030,1
101,20261031,1
101,20261101,1
101,20261102,1
101,20261103,1
101,20261104,1
101,20261105,1
101,20261106,1
101,20261108,1
101,20261109,1
101,20261110,1
101,20261111,1
101,20261112,1
101,20261113,1
101,20261115,1
101,20261116,1
101,20261117,1
101,20261118,1
101,20261119,1
101,20261120,1
101,20261122,1
101,20261123,1
101,20261124,1
101,20261125,1
101,20261126,1
101,20261127,1
101,20261129,1
101,20261130,1
101,20261201,1
101,20261202,1
101,20261203,1
101,20261204,1
101,20261206,1
101,20261207,1
101,20261208,1
101,20261209,1
101,20261210,1
101,20261211,1
102,20260828,1
102,20260831,1
102,20260904,1
102,20260907,1
102,20260911,1
102,20260914,1
102,20260918,1
102,20260921,1
102,20260925,1
102,20261005,1
102,20261009,1
102,20261012,1
102,20261016,1
102,20261102,1
102,20261106,1
102,20261109,1
102,20261113,1
102,20261116,1
102,20261120,1
102,20261123,1
102,20261127,1
102,20261130,1
102,20261204,1
102,20261207,1
102,20261211,1
103,20260928,1
103,20261002,1
104,20260829,1
104,20260830,1
104,20260905,1
104,20260906,1
104,20260912,1
104,20260913,1
104,20260919,1
104,20260920,1
104,20260926,1
104,20260927,1
104,20261003,1
104,20261004,1
104,20261010,1
104,20261011,1
104,20261017,1
104,20261018,1
104,20261024,1
104,20261025,1
104,20261107,1
104,20261108,1
104,20261114,1
104,20261115,1
104,20261121,1
104,20261122,1
104,20261128,1
104,20261129,1
104,20261205,1
104,20261206,1
104,20261212,1
105,20260830,1
105,20260906,1
105,20260913,1
105,20260920,1
105,20260927,1
105,20261004,1
105,20261011,1
105,20261018,1
105,20261025,1
105,20261108,1
105,20261115,1
105,20261122,1
105,20261129,1
105,20261206,1
106,20260828,1
106,20260904,1
106,20260911,1
106,20260918,1
106,20260925,1
106,20261002,1
106,20261009,1
106,20261016,1
106,20261023,1
106,20261030,1
106,20261113,1
106,20261120,1
106,20261127,1
106,20261204,1
106,20261211,1
107,20260828,1
107,20260831,1
107,20260901,1
107,20260902,1
107,20260903,1
107,20260904,1
107,20260906,1
107,20260907,1
107,20260908,1
107,20260909,1
107,20260910,1
107,20260911,1
107,20260913,1
107,20260914,1
107,20260915,1
107,20260916,1
107,20260917,1
107,20260918,1
107,20260920,1
107,20260921,1
107,20260922,1
107,20260923,1
107,20260924,1
107,20260925,1
107,20260927,1
107,20260928,1
107,20260929,1
107,20260930,1
107,20261001,1
107,20261002,1
107,20261004,1
107,20261005,1
107,20261006,1
107,20261007,1
107,20261008,1
107,20261009,1
107,20261011,1
107,20261012,1
107,20261013,1
107,20261014,1
107,20261015,1
107,20261016,1
107,20261018,1
107,20261019,1
107,20261020,1
107,20261021,1
107,20261022,1
107,20261023,1
107,20261025,1
107,20261026,1
107,20261027,1
107,20261028,1
107,20261029,1
107,20261030,1
107,20261102,1
107,20261103,1
107,20261104,1
107,20261105,1
107,20261106,1
107,20261108,1
107,20261109,1
107,20261110,1
107,20261111,1
107,20261112,1
107,20261113,1
107,20261115,1
107,20261116,1
107,20261117,1
107,20261118,1
107,20261119,1
107,20261120,1
107,20261122,1
107,20261123,1
107,20261124,1
107,20261125,1
107,20261126,1
107,20261127,1
107,20261129,1
107,20261130,1
107,20261201,1
107,20261202,1
107,20261203,1
107,20261204,1
107,20261206,1
107,20261207,1
107,20261208,1
107,20261209,1
107,20261210,1
107,20261211,1
108,20260831,1
108,20260905,1
108,20260912,1
108,20260919,1
108,20260926,1
108,20261003,1
108,20261010,1
108,20261017,1
108,20261107,1
108,20261114,1
108,20261121,1
108,20261128,1
108,20261205,1
108,20261212,1
109,20260904,1
109,20260906,1
109,20260907,1
109,20260908,1
109,20260909,1
109,20260910,1
109,20260911,1
109,20260913,1
109,20260914,1
109,20260915,1
109,20260916,1
109,20260917,1
109,20260918,1
109,20260920,1
109,20260921,1
109,20260922,1
109,20260923,1
109,20260924,1
109,20260925,1
109,20260927,1
109,20260928,1
109,20260929,1
109,20260930,1
109,20261001,1
109,20261002,1
109,20261004,1
109,20261005,1
109,20261006,1
109,20261007,1
109,20261008,1
109,20261009,1
109,20261011,1
109,20261012,1
109,20261013,1
109,20261014,1
109,20261015,1
109,20261016,1
109,20261018,1
109,20261019,1
109,20261020,1
109,20261021,1
109,20261022,1
109,20261023,1
109,20261025,1
109,20261026,1
109,20261027,1
109,20261028,1
109,20261029,1
109,20261102,1
109,20261103,1
109,20261104,1
109,20261105,1
109,20261106,1
109,20261108,1
109,20261109,1
109,20261110,1
109,20261111,1
109,20261112,1
109,20261113,1
109,20261115,1
109,20261116,1
109,20261117,1
109,20261118,1
109,20261119,1
109,20261120,1
109,20261122,1
109,20261123,1
109,20261124,1
109,20261125,1
109,20261126,1
109,20261127,1
109,20261129,1
109,20261130,1
109,20261201,1
109,20261202,1
109,20261203,1
109,20261204,1
109,20261206,1
109,20261207,1
109,20261208,1
109,20261209,1
109,20261210,1
109,20261211,1
110,20260830,1
110,20260904,1
110,20260906,1
110,20260911,1
110,20260913,1
110,20260918,1
110,20260920,1
110,20260925,1
110,20260927,1
110,20261002,1
110,20261004,1
110,20261009,1
110,20261011,1
110,20261016,1
110,20261018,1
110,20261023,1
110,20261102,1
110,20261103,1
110,20261104,1
110,20261105,1
110,20261106,1
110,20261108,1
110,20261113,1
110,20261115,1
110,20261120,1
110,20261122,1
110,20261127,1
110,20261129,1
110,20261204,1
110,20261206,1
110,20261211,1
111,20260828,1
111,20260904,1
111,20260911,1
111,20260918,1
111,20260925,1
111,20261009,1
111,20261016,1
111,20261023,1
111,20261106,1
111,20261113,1
111,20261120,1
111,20261127,1
111,20261204,1
111,20261211,1
112,20260904,1
112,20260911,1
112,20260912,1
112,20260918,1
112,20260919,1
112,20260925,1
112,20260926,1
112,20261009,1
112,20261010,1
112,20261016,1
112,20261017,1
112,20261023,1
112,20261106,1
112,20261107,1
112,20261113,1
112,20261114,1
112,20261120,1
112,20261121,1
112,20261127,1
112,20261128,1
112,20261204,1
112,20261205,1
112,20261211,1
112,20261212,1
113,20260830,1
113,20260906,1
113,20260913,1
113,20261004,1
113,20261018,1
113,20261101,1
113,20261108,1
113,20261115,1
113,20261122,1
113,20261129,1
113,20261206,1
114,20260831,1
115,20261024,1
116,20260831,1
116,20260901,1
116,20260902,1
116,20260903,1
116,20260907,1
116,20260908,1
116,20260909,1
116,20260910,1
116,20260914,1
116,20260915,1
116,20260916,1
116,20260917,1
116,20260921,1
116,20260922,1
116,20260923,1
116,20260924,1
116,20260928,1
116,20260929,1
116,20260930,1
116,20261001,1
116,20261005,1
116,20261006,1
116,20261007,1
116,20261008,1
116,20261012,1
116,20261013,1
116,20261014,1
116,20261015,1
116,20261019,1
116,20261020,1
116,20261021,1
116,20261022,1
116,20261026,1
116,20261027,1
116,20261028,1
116,20261029,1
116,20261102,1
116,20261103,1
116,20261104,1
116,20261105,1
116,20261106,1
116,20261109,1
116,20261110,1
116,20261111,1
116,20261112,1
116,20261116,1
116,20261117,1
116,20261118,1
116,20261119,1
116,20261123,1
116,20261124,1
116,20261125,1
116,20261126,1
116,20261130,1
116,20261201,1
116,20261202,1
116,20261203,1
116,20261207,1
116,20261208,1
116,20261209,1
116,20261210,1
117,20260831,1
117,20260901,1
117,20260902,1
117,20260903,1
117,20260907,1
117,20260908,1
117,20260909,1
117,20260910,1
117,20260914,1
117,20260915,1
117,20260916,1
117,20260917,1
117,20260921,1
117,20260922,1
117,20260923,1
117,20260924,1
117,20260928,1
117,20260929,1
117,20260930,1
117,20261001,1
117,20261005,1
117,20261006,1
117,20261007,1
117,20261008,1
117,20261012,1
117,20261013,1
117,20261014,1
117,20261015,1
117,20261019,1
117,20261020,1
117,20261021,1
117,20261022,1
117,20261102,1
117,20261103,1
117,20261104,1
117,20261105,1
117,20261106,1
117,20261109,1
117,20261110,1
117,20261111,1
117,20261112,1
117,20261116,1
117,20261117,1
117,20261118,1
117,20261119,1
117,20261123,1
117,20261124,1
117,20261125,1
117,20261126,1
117,20261130,1
117,20261201,1
117,20261202,1
117,20261203,1
117,20261207,1
117,20261208,1
117,20261209,1
117,20261210,1
118,20260907,1
118,20260908,1
118,20260909,1
118,20260910,1
118,20261005,1
118,20261006,1
118,20261007,1
118,20261008,1
118,20261012,1
118,20261013,1
118,20261014,1
118,20261015,1
118,20261116,1
118,20261117,1
118,20261118,1
118,20261119,1
118,20261123,1
118,20261124,1
118,20261125,1
118,20261126,1
118,20261130,1
118,20261201,1
118,20261202,1
118,20261203,1
118,20261207,1
118,20261208,1
118,20261209,1
118,20261210,1
119,20260904,1
119,20260905,1
119,20260911,1
119,20260912,1
119,20260918,1
119,20260919,1
119,20260925,1
119,20260926,1
119,20261002,1
119,20261003,1
119,20261009,1
119,20261010,1
119,20261016,1
119,20261017,1
119,20261023,1
119,20261106,1
119,20261107,1
119,20261113,1
119,20261114,1
119,20261120,1
119,20261121,1
119,20261127,1
119,20261128,1
119,20261204,1
119,20261205,1
119,20261211,1
119,20261212,1
120,20260830,1
120,20260906,1
120,20261004,1
120,20261011,1
120,20261115,1
120,20261122,1
120,20261129,1
120,20261206,1
121,20260830,1
121,20260906,1
121,20260907,1
121,20261004,1
121,20261005,1
121,20261018,1
121,20261019,1
121,20261025,1
121,20261026,1
121,20261102,1
121,20261105,1
121,20261108,1
121,20261109,1
121,20261110,1
121,20261111,1
121,20261112,1
121,20261115,1
121,20261116,1
121,20261117,1
121,20261119,1
121,20261122,1
121,20261129,1
121,20261130,1
121,20261206,1
121,20261207,1
122,20260912,1
122,20260919,1
122,20260926,1
122,20261010,1
122,20261017,1
122,20261107,1
122,20261114,1
122,20261121,1
122,20261128,1
122,20261205,1
122,20261212,1
123,20260831,1
123,20260901,1
123,20260902,1
123,20260903,1
123,20260905,1
123,20260912,1
123,20260919,1
123,20260926,1
123,20261003,1
123,20261010,1
123,20261017,1
123,20261024,1
123,20261107,1
123,20261114,1
123,20261121,1
123,20261128,1
123,20261205,1
123,20261212,1
124,20260828,1
124,20260904,1
124,20260911,1
124,20260918,1
124,20260925,1
124,20261002,1
124,20261009,1
124,20261016,1
124,20261023,1
124,20261026,1
124,20261027,1
124,20261028,1
124,20261029,1
124,20261030,1
124,20261113,1
124,20261120,1
124,20261127,1
124,20261204,1
124,20261211,1
125,20260830,1
125,20260901,1
125,20260902,1
125,20260903,1
125,20260904,1
125,20260905,1
125,20260906,1
125,20260907,1
125,20260908,1
125,20260909,1
125,20260910,1
125,20260911,1
125,20260912,1
125,20260913,1
125,20260914,1
125,20260915,1
125,20260916,1
125,20260917,1
125,20260918,1
125,20260919,1
125,20260920,1
125,20260921,1
125,20260922,1
125,20260923,1
125,20260924,1
125,20260925,1
125,20260926,1
125,20261002,1
125,20261003,1
125,20261004,1
125,20261005,1
125,20261006,1
125,20261007,1
125,20261008,1
125,20261009,1
125,20261010,1
125,20261011,1
125,20261012,1
125,20261013,1
125,20261014,1
125,20261015,1
125,20261016,1
125,20261017,1
125,20261023,1
125,20261106,1
125,20261107,1
125,20261113,1
125,20261114,1
125,20261115,1
125,20261116,1
125,20261117,1
125,20261118,1
125,20261119,1
125,20261120,1
125,20261121,1
125,20261122,1
125,20261123,1
125,20261124,1
125,20261125,1
125,20261126,1
125,20261127,1
125,20261128,1
125,20261129,1
125,20261130,1
125,20261201,1
125,20261202,1
125,20261203,1
125,20261204,1
125,20261205,1
125,20261206,1
125,20261207,1
125,20261208,1
125,20261209,1
125,20261210,1
125,20261211,1
125,20261212,1
126,20261101,1
127,20261025,1
128,20260828,1
128,20260831,1
128,20260904,1
128,20260907,1
128,20260911,1
128,20260914,1
128,20260918,1
128,20260921,1
128,20260925,1
128,20260928,1
128,20261002,1
128,20261005,1
128,20261009,1
128,20261012,1
128,20261016,1
128,20261019,1
128,20261023,1
128,20261026,1
128,20261030,1
128,20261102,1
128,20261106,1
128,20261109,1
128,20261113,1
128,20261116,1
128,20261120,1
128,20261123,1
128,20261127,1
128,20261130,1
128,20261204,1
128,20261207,1
128,20261211,1
129,20260901,1
129,20260902,1
129,20260903,1
129,20260907,1
129,20260908,1
129,20260909,1
129,20260910,1
129,20260914,1
129,20260915,1
129,20260916,1
129,20260917,1
129,20260921,1
129,20260922,1
129,20260923,1
129,20260924,1
129,20260928,1
129,20260929,1
129,20260930,1
129,20261001,1
129,20261005,1
129,20261006,1
129,20261007,1
129,20261008,1
129,20261012,1
129,20261013,1
129,20261014,1
129,20261015,1
129,20261019,1
129,20261020,1
129,20261021,1
129,20261022,1
129,20261109,1
129,20261110,1
129,20261111,1
129,20261112,1
129,20261116,1
129,20261117,1
129,20261118,1
129,20261119,1
129,20261123,1
129,20261124,1
129,20261125,1
129,20261126,1
129,20261130,1
129,20261201,1
129,20261202,1
129,20261203,1
129,20261207,1
129,20261208,1
129,20261209,1
129,20261210,1
130,20261102,1
130,20261103,1
130,20261104,1
130,20261105,1
131,20260829,1
131,20260905,1
132,20261025,1
132,20261026,1
132,20261027,1
132,20261028,1
132,20261029,1
133,20261002,1
133,20261003,1
134,20261019,1
134,20261020,1
134,20261021,1
134,20261022,1
135,20261018,1
136,20260908,1
136,20260909,1
136,20260910,1
136,20261006,1
136,20261007,1
136,20261008,1
136,20261020,1
136,20261021,1
136,20261022,1
136,20261027,1
136,20261028,1
136,20261029,1
136,20261103,1
136,20261104,1
136,20261118,1
136,20261201,1
136,20261202,1
136,20261203,1
136,20261208,1
136,20261209,1
136,20261210,1
137,20261003,1
138,20260831,1
138,20260901,1
138,20260902,1
138,20260903,1
138,20260907,1
138,20260908,1
138,20260909,1
138,20260910,1
138,20260914,1
138,20260915,1
138,20260916,1
138,20260917,1
138,20261005,1
138,20261006,1
138,20261007,1
138,20261008,1
138,20261019,1
138,20261020,1
138,20261021,1
138,20261022,1
138,20261026,1
138,20261027,1
138,20261028,1
138,20261029,1
138,20261102,1
138,20261103,1
138,20261104,1
138,20261105,1
138,20261109,1
138,20261110,1
138,20261111,1
138,20261112,1
138,20261116,1
138,20261117,1
138,20261118,1
138,20261119,1
138,20261130,1
138,20261201,1
138,20261202,1
138,20261203,1
138,20261207,1
138,20261208,1
138,20261209,1
138,20261210,1
139,20260901,1
139,20260902,1
139,20260903,1
139,20260908,1
139,20260909,1
139,20260910,1
139,20260915,1
139,20260916,1
139,20260917,1
139,20260922,1
139,20260923,1
139,20260924,1
139,20260929,1
139,20260930,1
139,20261001,1
139,20261006,1
139,20261007,1
139,20261008,1
139,20261013,1
139,20261014,1
139,20261015,1
139,20261020,1
139,20261021,1
139,20261022,1
139,20261027,1
139,20261028,1
139,20261029,1
139,20261103,1
139,20261104,1
139,20261105,1
139,20261110,1
139,20261111,1
139,20261112,1
139,20261117,1
139,20261118,1
139,20261119,1
139,20261124,1
139,20261125,1
139,20261126,1
139,20261201,1
139,20261202,1
139,20261203,1
139,20261208,1
139,20261209,1
139,20261210,1
140,20261101,1
140,20261102,1
140,20261103,1
140,20261104,1
140,20261105,1
141,20261030,1
141,20261101,1
142,20261030,1
143,20261026,1
144,20260828,1
144,20260830,1
145,20260901,1
145,20260902,1
145,20260903,1
145,20260908,1
145,20260909,1
145,20260910,1
145,20260929,1
145,20260930,1
145,20261001,1
145,20261006,1
145,20261007,1
145,20261008,1
145,20261020,1
145,20261021,1
145,20261022,1
145,20261027,1
145,20261028,1
145,20261029,1
145,20261103,1
145,20261104,1
145,20261105,1
145,20261110,1
145,20261111,1
145,20261112,1
145,20261117,1
145,20261118,1
145,20261119,1
145,20261124,1
145,20261125,1
145,20261126,1
145,20261201,1
145,20261202,1
145,20261203,1
145,20261208,1
145,20261209,1
145,20261210,1
146,20261031,1
146,20261101,1
147,20260828,1
147,20260904,1
147,20260911,1
147,20260918,1
147,20260925,1
147,20261002,1
147,20261009,1
147,20261016,1
147,20261023,1
147,20261030,1
147,20261102,1
147,20261103,1
147,20261104,1
147,20261105,1
147,20261106,1
147,20261109,1
147,20261110,1
147,20261111,1
147,20261112,1
147,20261113,1
147,20261116,1
147,20261117,1
147,20261118,1
147,20261119,1
147,20261120,1
147,20261123,1
147,20261124,1
147,20261125,1
147,20261126,1
147,20261127,1
147,20261130,1
147,20261201,1
147,20261202,1
147,20261203,1
147,20261204,1
147,20261207,1
147,20261208,1
147,20261209,1
147,20261210,1
147,20261211,1
148,20261018,1
148,20261019,1
148,20261020,1
148,20261021,1
148,20261022,1
149,20260921,1
149,20260922,1
149,20260923,1
149,20260924,1
150,20260828,1
150,20260829,1
151,20260901,1
151,20260902,1
151,20260903,1
152,20260921,1
152,20260925,1
153,20261004,1
153,20261011,1
153,20261018,1
153,20261025,1
153,20261108,1
153,20261115,1
153,20261122,1
153,20261129,1
153,20261206,1
154,20260829,1
154,20261003,1
154,20261010,1
154,20261017,1
154,20261024,1
154,20261031,1
154,20261107,1
154,20261114,1
154,20261121,1
154,20261128,1
154,20261205,1
154,20261212,1
155,20260920,1
156,20261124,1
156,20261125,1
156,20261126,1
157,20261002,1
158,20260828,1
158,20261009,1
158,20261016,1
158,20261023,1
158,20261030,1
158,20261106,1
158,20261127,1
158,20261204,1
158,20261211,1
159,20260912,1
159,20260919,1
159,20260926,1
160,20260828,1
160,20260904,1
160,20260911,1
160,20260918,1
160,20260925,1
160,20261009,1
160,20261016,1
160,20261023,1
160,20261030,1
160,20261106,1
160,20261127,1
160,20261204,1
160,20261211,1
161,20261113,1
161,20261120,1
162,20261005,1
163,20261109,1
163,20261110,1
163,20261111,1
163,20261112,1
164,20261123,1
165,20260830,1
165,20260906,1
165,20260913,1
165,20260920,1
165,20260927,1
165,20261011,1
165,20261018,1
165,20261108,1
165,20261115,1
165,20261122,1
165,20261129,1
165,20261206,1
166,20260929,1
166,20260930,1
166,20261001,1
167,20260828,1
167,20260831,1
167,20260904,1
167,20260907,1
167,20260911,1
167,20260928,1
167,20261002,1
167,20261005,1
167,20261009,1
167,20261019,1
167,20261023,1
167,20261026,1
167,20261102,1
167,20261106,1
167,20261109,1
167,20261113,1
167,20261116,1
167,20261120,1
167,20261123,1
167,20261127,1
167,20261130,1
167,20261204,1
167,20261207,1
167,20261211,1
168,20260901,1
168,20260902,1
168,20260903,1
168,20260907,1
168,20260908,1
168,20260909,1
168,20260910,1
168,20260914,1
168,20260915,1
168,20260916,1
168,20260917,1
168,20260921,1
168,20260922,1
168,20260923,1
168,20260924,1
168,20260928,1
168,20260929,1
168,20260930,1
168,20261001,1
168,20261006,1
168,20261007,1
168,20261012,1
168,20261013,1
168,20261014,1
168,20261015,1
168,20261019,1
168,20261020,1
168,20261021,1
168,20261022,1
168,20261026,1
168,20261027,1
168,20261028,1
168,20261029,1
169,20261008,1
170,20261108,1
170,20261109,1
170,20261110,1
170,20261111,1
170,20261112,1
171,20261108,1
172,20260920,1
172,20260921,1
172,20260922,1
172,20260923,1
172,20260924,1
173,20260904,1
173,20260911,1
173,20260918,1
173,20260925,1
174,20261020,1
174,20261021,1
174,20261022,1
175,20261003,1
175,20261004,1
176,20260829,1
176,20260905,1
176,20260912,1
176,20260919,1
176,20260926,1
176,20261010,1
176,20261017,1
176,20261024,1
176,20261031,1
176,20261107,1
176,20261114,1
176,20261121,1
176,20261128,1
176,20261205,1
176,20261212,1
177,20261019,1
178,20260901,1
178,20260902,1
178,20260903,1
178,20260908,1
178,20260909,1
178,20260910,1
178,20260915,1
178,20260916,1
178,20260917,1
178,20260922,1
178,20260923,1
178,20260924,1
178,20261006,1
178,20261007,1
178,20261008,1
178,20261013,1
178,20261014,1
178,20261015,1
178,20261027,1
178,20261028,1
178,20261029,1
178,20261030,1
178,20261103,1
178,20261104,1
178,20261105,1
178,20261110,1
178,20261111,1
178,20261112,1
178,20261117,1
178,20261118,1
178,20261119,1
178,20261124,1
178,20261125,1
178,20261126,1
178,20261201,1
178,20261202,1
178,20261203,1
178,20261208,1
178,20261209,1
178,20261210,1
179,20261023,1
180,20260922,1
180,20260923,1
180,20260924,1
181,20260914,1
181,20260918,1
182,20260915,1
182,20260916,1
182,20260917,1
183,20261010,1
183,20261017,1
183,20261107,1
183,20261113,1
183,20261114,1
183,20261120,1
183,20261121,1
183,20261128,1
183,20261205,1
183,20261212,1
184,20260908,1
184,20260909,1
184,20260910,1
184,20260915,1
184,20260916,1
184,20260917,1
184,20260922,1
184,20260923,1
184,20260924,1
184,20261006,1
184,20261007,1
184,20261008,1
184,20261020,1
184,20261021,1
184,20261022,1
184,20261027,1
184,20261028,1
184,20261029,1
184,20261103,1
184,20261104,1
184,20261105,1
184,20261110,1
184,20261111,1
184,20261112,1
184,20261117,1
184,20261118,1
184,20261119,1
184,20261201,1
184,20261202,1
184,20261203,1
184,20261208,1
184,20261209,1
184,20261210,1
185,20260828,1
185,20260831,1
185,20260901,1
185,20260902,1
185,20260903,1
185,20260904,1
185,20260907,1
185,20260908,1
185,20260909,1
185,20260910,1
185,20260911,1
185,20260914,1
185,20260915,1
185,20260916,1
185,20260917,1
185,20260918,1
185,20260921,1
185,20260922,1
185,20260923,1
185,20260924,1
185,20260925,1
185,20261005,1
185,20261006,1
185,20261007,1
185,20261008,1
185,20261009,1
185,20261012,1
185,20261013,1
185,20261014,1
185,20261015,1
185,20261016,1
185,20261019,1
185,20261020,1
185,20261021,1
185,20261022,1
185,20261023,1
185,20261026,1
185,20261027,1
185,20261028,1
185,20261029,1
185,20261030,1
185,20261102,1
185,20261103,1
185,20261104,1
185,20261105,1
185,20261106,1
185,20261109,1
185,20261110,1
185,20261111,1
185,20261112,1
185,20261113,1
185,20261116,1
185,20261117,1
185,20261118,1
185,20261119,1
185,20261120,1
185,20261123,1
185,20261124,1
185,20261125,1
185,20261126,1
185,20261127,1
185,20261130,1
185,20261201,1
185,20261202,1
185,20261203,1
185,20261204,1
185,20261207,1
185,20261208,1
185,20261209,1
185,20261210,1
185,20261211,1
186,20260831,1
186,20260901,1
186,20260902,1
186,20260903,1
186,20260904,1
186,20260906,1
186,20260907,1
186,20260908,1
186,20260909,1
186,20260910,1
186,20260911,1
186,20260913,1
186,20260914,1
186,20260915,1
186,20260916,1
186,20260917,1
186,20260918,1
186,20260920,1
186,20260921,1
186,20260922,1
186,20260923,1
186,20260924,1
186,20260925,1
186,20260928,1
186,20260929,1
186,20260930,1
186,20261001,1
186,20261002,1
186,20261004,1
186,20261005,1
186,20261006,1
186,20261007,1
186,20261008,1
186,20261009,1
186,20261011,1
186,20261012,1
186,20261013,1
186,20261014,1
186,20261015,1
186,20261016,1
186,20261018,1
186,20261019,1
186,20261020,1
186,20261021,1
186,20261022,1
186,20261023,1
186,20261025,1
186,20261026,1
186,20261027,1
186,20261028,1
186,20261029,1
186,20261030,1
186,20261101,1
186,20261102,1
186,20261103,1
186,20261104,1
186,20261105,1
186,20261106,1
186,20261108,1
186,20261109,1
186,20261110,1
186,20261111,1
186,20261112,1
186,20261113,1
186,20261115,1
186,20261116,1
186,20261117,1
186,20261118,1
186,20261119,1
186,20261120,1
186,20261122,1
186,20261123,1
186,20261124,1
186,20261125,1
186,20261126,1
186,20261127,1
186,20261129,1
186,20261130,1
186,20261201,1
186,20261202,1
186,20261203,1
186,20261204,1
186,20261206,1
186,20261207,1
186,20261208,1
186,20261209,1
186,20261210,1
186,20261211,1
187,20260905,1
187,20260912,1
187,20260919,1
187,20260926,1
187,20261003,1
187,20261010,1
187,20261017,1
187,20261024,1
187,20261031,1
187,20261107,1
187,20261114,1
187,20261121,1
187,20261128,1
187,20261205,1
187,20261212,1
188,20260912,1
188,20260919,1
188,20260926,1
188,20261003,1
188,20261010,1
188,20261017,1
188,20261024,1
188,20261031,1
188,20261107,1
188,20261114,1
188,20261121,1
188,20261128,1
188,20261205,1
188,20261212,1
189,20260913,1
189,20260914,1
189,20260915,1
189,20260916,1
189,20260917,1
189,20260920,1
189,20260921,1
189,20260922,1
189,20260923,1
189,20260924,1
189,20261004,1
189,20261005,1
189,20261006,1
189,20261007,1
189,20261008,1
189,20261018,1
189,20261019,1
189,20261020,1
189,20261021,1
189,20261022,1
189,20261025,1
189,20261026,1
189,20261027,1
189,20261028,1
189,20261029,1
189,20261101,1
189,20261102,1
189,20261103,1
189,20261104,1
189,20261105,1
189,20261108,1
189,20261109,1
189,20261110,1
189,20261111,1
189,20261112,1
189,20261115,1
189,20261116,1
189,20261117,1
189,20261118,1
189,20261119,1
189,20261122,1
189,20261123,1
189,20261124,1
189,20261125,1
189,20261126,1
189,20261129,1
189,20261130,1
189,20261201,1
189,20261202,1
189,20261203,1
189,20261206,1
189,20261207,1
189,20261208,1
189,20261209,1
189,20261210,1
190,20260904,1
190,20260911,1
190,20260918,1
190,20260925,1
190,20261002,1
190,20261009,1
190,20261016,1
190,20261023,1
190,20261030,1
190,20261106,1
190,20261113,1
190,20261120,1
190,20261127,1
190,20261204,1
190,20261211,1
191,20260828,1
191,20260907,1
191,20260908,1
191,20260909,1
191,20260910,1
191,20260911,1
191,20260914,1
191,20260915,1
191,20260916,1
191,20260917,1
191,20260918,1
191,20261005,1
191,20261006,1
191,20261007,1
191,20261008,1
191,20261009,1
191,20261012,1
191,20261013,1
191,20261014,1
191,20261015,1
191,20261016,1
191,20261019,1
191,20261020,1
191,20261021,1
191,20261022,1
191,20261023,1
191,20261026,1
191,20261027,1
191,20261028,1
191,20261029,1
191,20261030,1
191,20261102,1
191,20261103,1
191,20261104,1
191,20261105,1
191,20261106,1
191,20261109,1
191,20261110,1
191,20261111,1
191,20261112,1
191,20261113,1
191,20261116,1
191,20261117,1
191,20261118,1
191,20261119,1
191,20261120,1
191,20261123,1
191,20261124,1
191,20261125,1
191,20261126,1
191,20261127,1
191,20261130,1
191,20261201,1
191,20261202,1
191,20261203,1
191,20261204,1
191,20261207,1
191,20261208,1
191,20261209,1
191,20261210,1
191,20261211,1
192,20260828,1
192,20260830,1
192,20260904,1
192,20260906,1
192,20260911,1
192,20260913,1
192,20260918,1
192,20260920,1
192,20260925,1
192,20260927,1
192,20261002,1
192,20261004,1
192,20261009,1
192,20261011,1
192,20261016,1
192,20261018,1
192,20261023,1
192,20261025,1
192,20261030,1
192,20261101,1
192,20261106,1
192,20261108,1
192,20261113,1
192,20261115,1
192,20261120,1
192,20261122,1
192,20261127,1
192,20261129,1
192,20261204,1
192,20261206,1
192,20261211,1
193,20260828,1
193,20260830,1
193,20260831,1
193,20260901,1
193,20260902,1
193,20260903,1
193,20260904,1
193,20260906,1
193,20260907,1
193,20260908,1
193,20260909,1
193,20260910,1
193,20260911,1
193,20260913,1
193,20260914,1
193,20260915,1
193,20260916,1
193,20260917,1
193,20260918,1
193,20260920,1
193,20260921,1
193,20260922,1
193,20260923,1
193,20260924,1
193,20260925,1
193,20260927,1
193,20260928,1
193,20260929,1
193,20260930,1
193,20261001,1
193,20261002,1
193,20261004,1
193,20261005,1
193,20261006,1
193,20261007,1
193,20261008,1
193,20261009,1
193,20261011,1
193,20261012,1
193,20261013,1
193,20261014,1
193,20261015,1
193,20261016,1
193,20261018,1
193,20261019,1
193,20261020,1
193,20261021,1
193,20261022,1
193,20261023,1
193,20261025,1
193,20261026,1
193,20261027,1
193,20261028,1
193,20261029,1
193,20261030,1
193,20261101,1
193,20261102,1
193,20261103,1
193,20261104,1
193,20261105,1
193,20261106,1
193,20261108,1
193,20261109,1
193,20261110,1
193,20261111,1
193,20261112,1
193,20261113,1
193,20261115,1
193,20261116,1
193,20261117,1
193,20261118,1
193,20261119,1
193,20261120,1
193,20261122,1
193,20261123,1
193,20261124,1
193,20261125,1
193,20261126,1
193,20261127,1
193,20261129,1
193,20261130,1
193,20261201,1
193,20261202,1
193,20261203,1
193,20261204,1
193,20261206,1
193,20261207,1
193,20261208,1
193,20261209,1
193,20261210,1
193,20261211,1
194,20260831,1
194,20260901,1
194,20260902,1
194,20260903,1
194,20260906,1
194,20260907,1
194,20260908,1
194,20260909,1
194,20260910,1
194,20260913,1
194,20260914,1
194,20260915,1
194,20260916,1
194,20260917,1
194,20260920,1
194,20260921,1
194,20260922,1
194,20260923,1
194,20260924,1
194,20260927,1
194,20260928,1
194,20260929,1
194,20260930,1
194,20261001,1
194,20261004,1
194,20261005,1
194,20261006,1
194,20261007,1
194,20261008,1
194,20261018,1
194,20261019,1
194,20261020,1
194,20261021,1
194,20261022,1
194,20261025,1
194,20261026,1
194,20261027,1
194,20261028,1
194,20261029,1
194,20261101,1
194,20261102,1
194,20261103,1
194,20261104,1
194,20261105,1
194,20261108,1
194,20261109,1
194,20261110,1
194,20261111,1
194,20261112,1
194,20261115,1
194,20261116,1
194,20261117,1
194,20261118,1
194,20261119,1
194,20261122,1
194,20261123,1
194,20261124,1
194,20261125,1
194,20261126,1
194,20261129,1
194,20261130,1
194,20261201,1
194,20261202,1
194,20261203,1
194,20261206,1
194,20261207,1
194,20261208,1
194,20261209,1
194,20261210,1
195,20260901,1
195,20260902,1
195,20260903,1
195,20260904,1
195,20260907,1
195,20260914,1
195,20260921,1
195,20260928,1
195,20261005,1
195,20261012,1
195,20261019,1
195,20261102,1
195,20261109,1
195,20261116,1
195,20261123,1
195,20261130,1
195,20261207,1
196,20260829,1
196,20260830,1
196,20260905,1
196,20260906,1
196,20260912,1
196,20260913,1
196,20260919,1
196,20260920,1
196,20260926,1
196,20260927,1
196,20261003,1
196,20261004,1
196,20261010,1
196,20261011,1
196,20261017,1
196,20261018,1
196,20261024,1
196,20261031,1
196,20261101,1
196,20261107,1
196,20261108,1
196,20261114,1
196,20261115,1
196,20261121,1
196,20261122,1
196,20261128,1
196,20261129,1
196,20261205,1
196,20261206,1
196,20261212,1
197,20260828,1
197,20260907,1
197,20260911,1
197,20260914,1
197,20260918,1
197,20260921,1
197,20260925,1
197,20261005,1
197,20261009,1
197,20261019,1
197,20261023,1
197,20261026,1
197,20261030,1
197,20261106,1
197,20261109,1
197,20261113,1
197,20261116,1
197,20261120,1
197,20261123,1
197,20261130,1
197,20261204,1
197,20261207,1
197,20261211,1
198,20261125,1
198,20261126,1
199,20260928,1
199,20260929,1
199,20260930,1
199,20261001,1
199,20261002,1
200,20261102,1
201,20261026,1
201,20261027,1
201,20261028,1
201,20261029,1
201,20261030,1
202,20260830,1
202,20260906,1
203,20260829,1
203,20260905,1
203,20260912,1
203,20260919,1
203,20260926,1
203,20261010,1
203,20261017,1
203,20261024,1
203,20261107,1
203,20261114,1
203,20261121,1
203,20261128,1
203,20261205,1
203,20261212,1
204,20260828,1
204,20260908,1
204,20260909,1
204,20260910,1
204,20260911,1
204,20260915,1
204,20260916,1
204,20260917,1
204,20260918,1
204,20260922,1
204,20260923,1
204,20260924,1
204,20260925,1
204,20260929,1
204,20260930,1
204,20261001,1
204,20261002,1
204,20261006,1
204,20261007,1
204,20261008,1
204,20261009,1
204,20261013,1
204,20261014,1
204,20261015,1
204,20261016,1
204,20261103,1
204,20261104,1
204,20261105,1
204,20261106,1
204,20261110,1
204,20261111,1
204,20261112,1
204,20261113,1
204,20261117,1
204,20261118,1
204,20261119,1
204,20261120,1
204,20261124,1
204,20261125,1
204,20261126,1
204,20261127,1
204,20261201,1
204,20261202,1
204,20261203,1
204,20261204,1
204,20261208,1
204,20261209,1
204,20261210,1
204,20261211,1
205,20260830,1
205,20260906,1
205,20260913,1
205,20260920,1
205,20260927,1
205,20261004,1
205,20261011,1
205,20261018,1
205,20261101,1
205,20261108,1
205,20261115,1
205,20261122,1
205,20261129,1
205,20261206,1
206,20260904,1
206,20260911,1
206,20260918,1
206,20260925,1
206,20261009,1
206,20261016,1
206,20261023,1
206,20261030,1
206,20261106,1
206,20261113,1
206,20261127,1
206,20261204,1
206,20261211,1
207,20260928,1
208,20260921,1
208,20260922,1
208,20260923,1
208,20260924,1
208,20260925,1
209,20260901,1
209,20260902,1
209,20260903,1
209,20260904,1
210,20260830,1
210,20260906,1
210,20260913,1
210,20260920,1
210,20260927,1
210,20261011,1
210,20261018,1
210,20261101,1
210,20261108,1
210,20261115,1
210,20261122,1
210,20261129,1
210,20261206,1
211,20261120,1
212,20260904,1
212,20260912,1
212,20260918,1
212,20260919,1
212,20260925,1
212,20260926,1
212,20261009,1
212,20261010,1
212,20261016,1
212,20261017,1
212,20261023,1
212,20261030,1
212,20261106,1
212,20261107,1
212,20261113,1
212,20261114,1
212,20261121,1
212,20261127,1
212,20261128,1
212,20261204,1
212,20261205,1
212,20261211,1
212,20261212,1
213,20260906,1
213,20260907,1
213,20260908,1
213,20260909,1
213,20260910,1
214,20260912,1
214,20260919,1
214,20260926,1
214,20261003,1
214,20261010,1
214,20261017,1
214,20261107,1
214,20261114,1
214,20261121,1
214,20261128,1
214,20261205,1
214,20261212,1
215,20260911,1
215,20261120,1
216,20260831,1
216,20260904,1
217,20260829,1
217,20260905,1
217,20260912,1
217,20260913,1
217,20260919,1
217,20260920,1
217,20260926,1
217,20260927,1
217,20261010,1
217,20261011,1
217,20261017,1
217,20261018,1
217,20261024,1
217,20261025,1
217,20261107,1
217,20261108,1
217,20261114,1
217,20261115,1
217,20261121,1
217,20261122,1
217,20261128,1
217,20261129,1
217,20261205,1
217,20261206,1
217,20261212,1
218,20261124,1
219,20261127,1
220,20261020,1
220,20261021,1
220,20261022,1
220,20261023,1
221,20260828,1
221,20260831,1
221,20260904,1
221,20260907,1
221,20260911,1
221,20260914,1
221,20260918,1
221,20260921,1
221,20260925,1
221,20260928,1
221,20261002,1
221,20261005,1
221,20261009,1
221,20261012,1
221,20261016,1
221,20261019,1
221,20261023,1
221,20261026,1
221,20261102,1
221,20261106,1
221,20261109,1
221,20261113,1
221,20261116,1
221,20261120,1
221,20261123,1
221,20261127,1
221,20261130,1
221,20261204,1
221,20261207,1
221,20261211,1
222,20260828,1
222,20260831,1
222,20260901,1
222,20260902,1
222,20260903,1
222,20260904,1
222,20260907,1
222,20260908,1
222,20260909,1
222,20260910,1
222,20260911,1
222,20260914,1
222,20260915,1
222,20260916,1
222,20260917,1
222,20260918,1
222,20260921,1
222,20260922,1
222,20260923,1
222,20260924,1
222,20260925,1
222,20260928,1
222,20260929,1
222,20260930,1
222,20261001,1
222,20261002,1
222,20261005,1
222,20261006,1
222,20261007,1
222,20261009,1
222,20261012,1
222,20261013,1
222,20261014,1
222,20261015,1
222,20261016,1
222,20261019,1
222,20261020,1
222,20261021,1
222,20261022,1
222,20261023,1
222,20261026,1
222,20261027,1
222,20261028,1
222,20261029,1
222,20261030,1
222,20261102,1
222,20261103,1
222,20261104,1
222,20261105,1
222,20261106,1
222,20261109,1
222,20261110,1
222,20261111,1
222,20261112,1
222,20261113,1
222,20261116,1
222,20261117,1
222,20261118,1
222,20261119,1
222,20261120,1
222,20261123,1
222,20261124,1
222,20261125,1
222,20261126,1
222,20261127,1
222,20261130,1
222,20261201,1
222,20261202,1
222,20261203,1
222,20261204,1
222,20261207,1
222,20261208,1
222,20261209,1
222,20261210,1
222,20261211,1
223,20260830,1
223,20260906,1
223,20260913,1
223,20260920,1
223,20260927,1
223,20261011,1
223,20261018,1
223,20261025,1
223,20261031,1
223,20261101,1
223,20261108,1
223,20261115,1
223,20261122,1
223,20261129,1
223,20261206,1
224,20260901,1
224,20260902,1
224,20260903,1
224,20260907,1
224,20260908,1
224,20260909,1
224,20260910,1
224,20260914,1
224,20260915,1
224,20260916,1
224,20260917,1
224,20260921,1
224,20260922,1
224,20260923,1
224,20260924,1
224,20260929,1
224,20260930,1
224,20261001,1
224,20261005,1
224,20261006,1
224,20261007,1
224,20261008,1
224,20261012,1
224,20261013,1
224,20261014,1
224,20261015,1
224,20261019,1
224,20261020,1
224,20261021,1
224,20261022,1
224,20261026,1
224,20261027,1
224,20261028,1
224,20261029,1
225,20260905,1
225,20260912,1
225,20260919,1
225,20260926,1
225,20261003,1
225,20261010,1
225,20261017,1
225,20261107,1
225,20261114,1
225,20261121,1
225,20261128,1
225,20261205,1
225,20261212,1
226,20260904,1
226,20260911,1
226,20260918,1
226,20260925,1
226,20261002,1
226,20261009,1
226,20261016,1
226,20261023,1
226,20261106,1
226,20261113,1
226,20261120,1
226,20261127,1
226,20261204,1
226,20261211,1
227,20260907,1
227,20260908,1
227,20260909,1
227,20260910,1
227,20260921,1
227,20260922,1
227,20260923,1
227,20260924,1
227,20261005,1
227,20261006,1
227,20261007,1
227,20261008,1
227,20261012,1
227,20261013,1
227,20261014,1
227,20261015,1
227,20261019,1
227,20261020,1
227,20261021,1
227,20261022,1
227,20261116,1
227,20261117,1
227,20261118,1
227,20261119,1
227,20261123,1
227,20261124,1
227,20261125,1
227,20261126,1
227,20261130,1
227,20261201,1
227,20261202,1
227,20261203,1
227,20261207,1
227,20261208,1
227,20261209,1
227,20261210,1
228,20260830,1
228,20260904,1
228,20260906,1
228,20260907,1
228,20260908,1
228,20260909,1
228,20260910,1
228,20260918,1
228,20260925,1
228,20261002,1
228,20261004,1
228,20261005,1
228,20261006,1
228,20261007,1
228,20261008,1
228,20261009,1
228,20261011,1
228,20261012,1
228,20261013,1
228,20261014,1
228,20261015,1
228,20261016,1
228,20261023,1
228,20261025,1
228,20261026,1
228,20261027,1
228,20261028,1
228,20261029,1
228,20261102,1
228,20261103,1
228,20261104,1
228,20261105,1
228,20261106,1
228,20261108,1
228,20261109,1
228,20261110,1
228,20261111,1
228,20261112,1
228,20261113,1
228,20261115,1
228,20261116,1
228,20261117,1
228,20261118,1
228,20261119,1
228,20261120,1
228,20261122,1
228,20261123,1
228,20261124,1
228,20261125,1
228,20261126,1
228,20261127,1
228,20261129,1
228,20261130,1
228,20261201,1
228,20261202,1
228,20261203,1
228,20261204,1
228,20261206,1
228,20261207,1
228,20261208,1
228,20261209,1
228,20261210,1
228,20261211,1
229,20260828,1
229,20260904,1
229,20260918,1
229,20260925,1
229,20261009,1
229,20261016,1
229,20261023,1
229,20261106,1
229,20261113,1
229,20261120,1
229,20261127,1
229,20261204,1
229,20261211,1
230,20260906,1
230,20260913,1
230,20260920,1
230,20260927,1
230,20261004,1
230,20261011,1
230,20261018,1
230,20261108,1
230,20261115,1
230,20261122,1
230,20261129,1
230,20261206,1
231,20260906,1
231,20260913,1
231,20260920,1
231,20260927,1
231,20261004,1
231,20261011,1
231,20261018,1
231,20261025,1
231,20261108,1
231,20261115,1
231,20261122,1
231,20261129,1
231,20261206,1
232,20260831,1
232,20260901,1
232,20260902,1
232,20260903,1
232,20260906,1
232,20260907,1
232,20260908,1
232,20260909,1
232,20260910,1
232,20260913,1
232,20260914,1
232,20260915,1
232,20260916,1
232,20260917,1
232,20260920,1
232,20260921,1
232,20260922,1
232,20260923,1
232,20260924,1
232,20260927,1
232,20260928,1
232,20260929,1
232,20260930,1
232,20261001,1
232,20261004,1
232,20261005,1
232,20261006,1
232,20261007,1
232,20261008,1
232,20261011,1
232,20261012,1
232,20261013,1
232,20261014,1
232,20261015,1
232,20261018,1
232,20261019,1
232,20261020,1
232,20261021,1
232,20261022,1
232,20261025,1
232,20261026,1
232,20261027,1
232,20261028,1
232,20261029,1
232,20261108,1
232,20261109,1
232,20261110,1
232,20261111,1
232,20261112,1
232,20261115,1
232,20261116,1
232,20261117,1
232,20261118,1
232,20261119,1
232,20261122,1
232,20261123,1
232,20261124,1
232,20261125,1
232,20261126,1
232,20261129,1
232,20261130,1
232,20261201,1
232,20261202,1
232,20261203,1
232,20261206,1
232,20261207,1
232,20261208,1
232,20261209,1
232,20261210,1
233,20260831,1
233,20260901,1
233,20260902,1
233,20260903,1
233,20260907,1
233,20260908,1
233,20260909,1
233,20260910,1
233,20260914,1
233,20260915,1
233,20260916,1
233,20260917,1
233,20260921,1
233,20260922,1
233,20260923,1
233,20260924,1
233,20260928,1
233,20260929,1
233,20260930,1
233,20261001,1
233,20261005,1
233,20261006,1
233,20261007,1
233,20261008,1
233,20261012,1
233,20261013,1
233,20261014,1
233,20261015,1
233,20261019,1
233,20261020,1
233,20261021,1
233,20261022,1
233,20261102,1
233,20261103,1
233,20261104,1
233,20261105,1
233,20261109,1
233,20261110,1
233,20261111,1
233,20261112,1
233,20261116,1
233,20261117,1
233,20261118,1
233,20261119,1
233,20261123,1
233,20261124,1
233,20261125,1
233,20261126,1
233,20261130,1
233,20261201,1
233,20261202,1
233,20261203,1
233,20261207,1
233,20261208,1
233,20261209,1
233,20261210,1
234,20260904,1
234,20260911,1
234,20260918,1
234,20260925,1
234,20261002,1
234,20261009,1
234,20261016,1
234,20261023,1
234,20261102,1
234,20261103,1
234,20261104,1
234,20261105,1
234,20261106,1
234,20261113,1
234,20261120,1
234,20261127,1
234,20261204,1
234,20261211,1
235,20260901,1
235,20260902,1
235,20260903,1
235,20260904,1
235,20260906,1
235,20260907,1
235,20260908,1
235,20260909,1
235,20260910,1
235,20260911,1
235,20260913,1
235,20260914,1
235,20260915,1
235,20260916,1
235,20260917,1
235,20260918,1
235,20260920,1
235,20260921,1
235,20260922,1
235,20260923,1
235,20260924,1
235,20260925,1
235,20260927,1
235,20260928,1
235,20260929,1
235,20260930,1
235,20261001,1
235,20261002,1
235,20261004,1
235,20261005,1
235,20261006,1
235,20261007,1
235,20261008,1
235,20261009,1
235,20261011,1
235,20261012,1
235,20261013,1
235,20261014,1
235,20261015,1
235,20261016,1
235,20261018,1
235,20261019,1
235,20261020,1
235,20261021,1
235,20261022,1
235,20261023,1
235,20261025,1
235,20261026,1
235,20261027,1
235,20261028,1
235,20261029,1
235,20261102,1
235,20261103,1
235,20261104,1
235,20261105,1
235,20261106,1
235,20261108,1
235,20261109,1
235,20261110,1
235,20261111,1
235,20261112,1
235,20261113,1
235,20261115,1
235,20261116,1
235,20261117,1
235,20261118,1
235,20261119,1
235,20261120,1
235,20261122,1
235,20261123,1
235,20261124,1
235,20261125,1
235,20261126,1
235,20261127,1
235,20261129,1
235,20261130,1
235,20261201,1
235,20261202,1
235,20261203,1
235,20261204,1
235,20261206,1
235,20261207,1
235,20261208,1
235,20261209,1
235,20261210,1
235,20261211,1
236,20260919,1
236,20260926,1
236,20261010,1
236,20261017,1
236,20261024,1
236,20261107,1
236,20261114,1
236,20261121,1
236,20261128,1
236,20261205,1
236,20261212,1
237,20260828,1
237,20260831,1
237,20260901,1
237,20260902,1
237,20260903,1
237,20260904,1
237,20260911,1
237,20260918,1
237,20260925,1
237,20261002,1
237,20261009,1
237,20261016,1
237,20261023,1
237,20261106,1
237,20261113,1
237,20261120,1
237,20261127,1
237,20261204,1
237,20261211,1
238,20260830,1
238,20260906,1
238,20260920,1
238,20261004,1
238,20261011,1
238,20261018,1
238,20261115,1
238,20261122,1
238,20261129,1
238,20261206,1
239,20260911,1
239,20261030,1
240,20260828,1
240,20260830,1
240,20260831,1
240,20260901,1
240,20260902,1
240,20260903,1
240,20260904,1
240,20260906,1
240,20260907,1
240,20260908,1
240,20260909,1
240,20260910,1
240,20260911,1
240,20260913,1
240,20260914,1
240,20260915,1
240,20260916,1
240,20260917,1
240,20260918,1
240,20260920,1
240,20260921,1
240,20260922,1
240,20260923,1
240,20260924,1
240,20260925,1
240,20260927,1
240,20260928,1
240,20260929,1
240,20260930,1
240,20261001,1
240,20261002,1
240,20261004,1
240,20261005,1
240,20261006,1
240,20261007,1
240,20261008,1
240,20261009,1
240,20261011,1
240,20261012,1
240,20261013,1
240,20261014,1
240,20261015,1
240,20261016,1
240,20261018,1
240,20261019,1
240,20261020,1
240,20261021,1
240,20261022,1
240,20261023,1
240,20261025,1
240,20261026,1
240,20261027,1
240,20261028,1
240,20261029,1
240,20261030,1
240,20261102,1
240,20261103,1
240,20261104,1
240,20261105,1
240,20261106,1
240,20261108,1
240,20261109,1
240,20261110,1
240,20261111,1
240,20261112,1
240,20261113,1
240,20261115,1
240,20261116,1
240,20261117,1
240,20261118,1
240,20261119,1
240,20261120,1
240,20261122,1
240,20261123,1
240,20261124,1
240,20261125,1
240,20261126,1
240,20261127,1
240,20261129,1
240,20261130,1
240,20261201,1
240,20261202,1
240,20261203,1
240,20261204,1
240,20261206,1
240,20261207,1
240,20261208,1
240,20261209,1
240,20261210,1
240,20261211,1
241,20260828,1
241,20260830,1
241,20260904,1
241,20260906,1
241,20260911,1
241,20260913,1
241,20260918,1
241,20260920,1
241,20260925,1
241,20260927,1
241,20261002,1
241,20261004,1
241,20261009,1
241,20261011,1
241,20261016,1
241,20261018,1
241,20261023,1
241,20261025,1
241,20261030,1
241,20261106,1
241,20261108,1
241,20261113,1
241,20261115,1
241,20261120,1
241,20261122,1
241,20261127,1
241,20261129,1
241,20261204,1
241,20261206,1
241,20261211,1
242,20260830,1
242,20260831,1
242,20260901,1
242,20260902,1
242,20260903,1
242,20260906,1
242,20260907,1
242,20260908,1
242,20260909,1
242,20260910,1
242,20260913,1
242,20260914,1
242,20260915,1
242,20260916,1
242,20260917,1
242,20260920,1
242,20260921,1
242,20260922,1
242,20260923,1
242,20260924,1
242,20260927,1
242,20260928,1
242,20260929,1
242,20260930,1
242,20261001,1
242,20261004,1
242,20261005,1
242,20261006,1
242,20261007,1
242,20261008,1
242,20261011,1
242,20261012,1
242,20261013,1
242,20261014,1
242,20261015,1
242,20261018,1
242,20261019,1
242,20261020,1
242,20261021,1
242,20261022,1
242,20261025,1
242,20261026,1
242,20261027,1
242,20261028,1
242,20261029,1
242,20261102,1
242,20261103,1
242,20261104,1
242,20261105,1
242,20261108,1
242,20261109,1
242,20261110,1
242,20261111,1
242,20261112,1
242,20261115,1
242,20261116,1
242,20261117,1
242,20261118,1
242,20261119,1
242,20261122,1
242,20261123,1
242,20261124,1
242,20261125,1
242,20261126,1
242,20261129,1
242,20261130,1
242,20261201,1
242,20261202,1
242,20261203,1
242,20261206,1
242,20261207,1
242,20261208,1
242,20261209,1
242,20261210,1
243,20260831,1
243,20260907,1
243,20260914,1
243,20260921,1
243,20260928,1
243,20261005,1
243,20261012,1
243,20261019,1
243,20261026,1
243,20261102,1
243,20261109,1
243,20261116,1
243,20261123,1
243,20261130,1
243,20261207,1
244,20261107,1
245,20260828,1
245,20260901,1
245,20260902,1
245,20260903,1
245,20260904,1
245,20260908,1
245,20260909,1
245,20260910,1
245,20260911,1
245,20260915,1
245,20260916,1
245,20260917,1
245,20260918,1
245,20260922,1
245,20260923,1
245,20260924,1
245,20260925,1
245,20260929,1
245,20260930,1
245,20261001,1
245,20261002,1
245,20261006,1
245,20261007,1
245,20261008,1
245,20261009,1
245,20261013,1
245,20261014,1
245,20261015,1
245,20261016,1
245,20261020,1
245,20261021,1
245,20261022,1
245,20261023,1
245,20261026,1
245,20261027,1
245,20261028,1
245,20261029,1
245,20261030,1
245,20261110,1
245,20261111,1
245,20261112,1
245,20261113,1
245,20261117,1
245,20261118,1
245,20261119,1
245,20261120,1
245,20261124,1
245,20261125,1
245,20261126,1
245,20261127,1
245,20261201,1
245,20261202,1
245,20261203,1
245,20261204,1
245,20261208,1
245,20261209,1
245,20261210,1
245,20261211,1
246,20260831,1
246,20260901,1
246,20260902,1
246,20260903,1
246,20260907,1
246,20260908,1
246,20260909,1
246,20260910,1
246,20260914,1
246,20260915,1
246,20260916,1
246,20260917,1
246,20260921,1
246,20260922,1
246,20260923,1
246,20260924,1
246,20260928,1
246,20260929,1
246,20260930,1
246,20261001,1
246,20261005,1
246,20261006,1
246,20261007,1
246,20261008,1
246,20261012,1
246,20261013,1
246,20261014,1
246,20261015,1
246,20261019,1
246,20261020,1
246,20261021,1
246,20261022,1
246,20261026,1
246,20261102,1
246,20261103,1
246,20261104,1
246,20261105,1
246,20261106,1
246,20261109,1
246,20261110,1
246,20261111,1
246,20261112,1
246,20261116,1
246,20261117,1
246,20261118,1
246,20261119,1
246,20261123,1
246,20261124,1
246,20261125,1
246,20261126,1
246,20261130,1
246,20261201,1
246,20261202,1
246,20261203,1
246,20261207,1
246,20261208,1
246,20261209,1
246,20261210,1
247,20261011,1
247,20261012,1
248,20260828,1
248,20260904,1
248,20260911,1
248,20260918,1
248,20260925,1
248,20261002,1
248,20261009,1
248,20261016,1
248,20261023,1
248,20261027,1
248,20261028,1
248,20261029,1
248,20261030,1
248,20261113,1
248,20261120,1
248,20261127,1
248,20261204,1
248,20261211,1
249,20261011,1
250,20260831,1
250,20260907,1
250,20260914,1
250,20260921,1
250,20260928,1
250,20261005,1
250,20261012,1
250,20261019,1
250,20261102,1
250,20261103,1
250,20261104,1
250,20261105,1
250,20261106,1
250,20261109,1
250,20261116,1
250,20261123,1
250,20261130,1
250,20261207,1
251,20261013,1
251,20261014,1
251,20261015,1
252,20260911,1
253,20261012,1
253,20261016,1
254,20260829,1
254,20260905,1
254,20260912,1
254,20260919,1
254,20260926,1
254,20261003,1
254,20261010,1
254,20261017,1
254,20261024,1
254,20261114,1
254,20261121,1
254,20261128,1
254,20261205,1
254,20261212,1
255,20260830,1
255,20260906,1
255,20260920,1
255,20260927,1
255,20261004,1
255,20261011,1
255,20261018,1
255,20261025,1
255,20261101,1
255,20261108,1
255,20261115,1
255,20261122,1
255,20261129,1
255,20261206,1
256,20260912,1
257,20260829,1
257,20260905,1
257,20260912,1
257,20260919,1
257,20260926,1
257,20261003,1
257,20261010,1
257,20261017,1
257,20261107,1
257,20261114,1
257,20261121,1
257,20261128,1
257,20261205,1
257,20261212,1
258,20260915,1
259,20260912,1
259,20260919,1
259,20260926,1
259,20261010,1
259,20261017,1
259,20261024,1
259,20261031,1
259,20261107,1
259,20261114,1
259,20261121,1
259,20261128,1
259,20261205,1
259,20261212,1
260,20261012,1
260,20261013,1
260,20261014,1
260,20261015,1
261,20260828,1
261,20260901,1
261,20260902,1
261,20260903,1
261,20260904,1
261,20260908,1
261,20260909,1
261,20260910,1
261,20260911,1
261,20260915,1
261,20260916,1
261,20260917,1
261,20260918,1
261,20260922,1
261,20260923,1
261,20260924,1
261,20260925,1
261,20260929,1
261,20260930,1
261,20261001,1
261,20261002,1
261,20261006,1
261,20261007,1
261,20261008,1
261,20261009,1
261,20261013,1
261,20261014,1
261,20261015,1
261,20261016,1
261,20261020,1
261,20261021,1
261,20261022,1
261,20261023,1
261,20261027,1
261,20261028,1
261,20261029,1
261,20261030,1
261,20261103,1
261,20261104,1
261,20261105,1
261,20261106,1
261,20261110,1
261,20261111,1
261,20261112,1
261,20261113,1
261,20261117,1
261,20261118,1
261,20261119,1
261,20261120,1
261,20261124,1
261,20261125,1
261,20261126,1
261,20261127,1
261,20261201,1
261,20261202,1
261,20261203,1
261,20261204,1
261,20261208,1
261,20261209,1
261,20261210,1
261,20261211,1
262,20260829,1
262,20260905,1
262,20260919,1
262,20260926,1
262,20261003,1
262,20261010,1
262,20261017,1
262,20261024,1
262,20261107,1
262,20261114,1
262,20261121,1
262,20261128,1
262,20261205,1
262,20261212,1
263,20260913,1
263,20260914,1
263,20260916,1
263,20260917,1
264,20260907,1
264,20260914,1
264,20260921,1
264,20260928,1
264,20261005,1
264,20261012,1
264,20261019,1
264,20261026,1
264,20261102,1
264,20261109,1
264,20261116,1
264,20261123,1
264,20261130,1
264,20261207,1
265,20260831,1
265,20260901,1
265,20260902,1
265,20260903,1
265,20260904,1
265,20260908,1
265,20260909,1
265,20260910,1
265,20260911,1
265,20260915,1
265,20260916,1
265,20260917,1
265,20260918,1
265,20260922,1
265,20260923,1
265,20260924,1
265,20260925,1
265,20260929,1
265,20260930,1
265,20261001,1
265,20261002,1
265,20261006,1
265,20261007,1
265,20261008,1
265,20261009,1
265,20261013,1
265,20261014,1
265,20261015,1
265,20261016,1
265,20261020,1
265,20261021,1
265,20261022,1
265,20261023,1
265,20261027,1
265,20261028,1
265,20261029,1
265,20261030,1
265,20261103,1
265,20261104,1
265,20261105,1
265,20261106,1
265,20261110,1
265,20261111,1
265,20261112,1
265,20261113,1
265,20261117,1
265,20261118,1
265,20261119,1
265,20261120,1
265,20261124,1
265,20261125,1
265,20261126,1
265,20261127,1
265,20261201,1
265,20261202,1
265,20261203,1
265,20261204,1
265,20261208,1
265,20261209,1
265,20261210,1
265,20261211,1
266,20260828,1
266,20260831,1
266,20260914,1
266,20260915,1
266,20260916,1
266,20260917,1
266,20260918,1
266,20260921,1
266,20260922,1
266,20260923,1
266,20260924,1
266,20260925,1
266,20261005,1
266,20261006,1
266,20261007,1
266,20261008,1
266,20261009,1
266,20261012,1
266,20261013,1
266,20261014,1
266,20261015,1
266,20261016,1
266,20261019,1
266,20261020,1
266,20261021,1
266,20261022,1
266,20261023,1
266,20261027,1
266,20261028,1
266,20261029,1
266,20261030,1
266,20261102,1
266,20261103,1
266,20261104,1
266,20261105,1
266,20261106,1
266,20261109,1
266,20261110,1
266,20261111,1
266,20261112,1
266,20261113,1
266,20261116,1
266,20261117,1
266,20261118,1
266,20261119,1
266,20261120,1
266,20261123,1
266,20261124,1
266,20261125,1
266,20261126,1
266,20261127,1
266,20261130,1
266,20261201,1
266,20261202,1
266,20261203,1
266,20261204,1
266,20261207,1
266,20261208,1
266,20261209,1
266,20261210,1
266,20261211,1
267,20260829,1
267,20260905,1
267,20260912,1
267,20260919,1
267,20260926,1
267,20261003,1
267,20261010,1
267,20261017,1
267,20261024,1
267,20261031,1
267,20261114,1
267,20261121,1
267,20261128,1
267,20261205,1
267,20261212,1
268,20260901,1
268,20260902,1
268,20260903,1
268,20260906,1
268,20260908,1
268,20260909,1
268,20260910,1
268,20260913,1
268,20260915,1
268,20260916,1
268,20260917,1
268,20260920,1
268,20260922,1
268,20260923,1
268,20260924,1
268,20261004,1
268,20261006,1
268,20261007,1
268,20261008,1
268,20261011,1
268,20261013,1
268,20261014,1
268,20261015,1
268,20261018,1
268,20261020,1
268,20261021,1
268,20261022,1
268,20261115,1
268,20261117,1
268,20261118,1
268,20261119,1
268,20261122,1
268,20261129,1
268,20261201,1
268,20261202,1
268,20261203,1
268,20261206,1
268,20261208,1
268,20261209,1
268,20261210,1
269,20260913,1
269,20260914,1
269,20260915,1
269,20260916,1
269,20260917,1
269,20260927,1
269,20260928,1
269,20260929,1
269,20260930,1
269,20261001,1
269,20261004,1
269,20261005,1
269,20261006,1
269,20261007,1
269,20261008,1
269,20261011,1
269,20261012,1
269,20261013,1
269,20261014,1
269,20261015,1
269,20261018,1
269,20261019,1
269,20261020,1
269,20261021,1
269,20261022,1
269,20261025,1
269,20261026,1
269,20261027,1
269,20261028,1
269,20261029,1
269,20261101,1
269,20261102,1
269,20261103,1
269,20261104,1
269,20261105,1
269,20261108,1
269,20261109,1
269,20261110,1
269,20261111,1
269,20261112,1
269,20261115,1
269,20261116,1
269,20261117,1
269,20261118,1
269,20261119,1
269,20261122,1
269,20261123,1
269,20261124,1
269,20261125,1
269,20261126,1
269,20261129,1
269,20261130,1
269,20261201,1
269,20261202,1
269,20261203,1
269,20261206,1
269,20261207,1
269,20261208,1
269,20261209,1
269,20261210,1
270,20260828,1
270,20260830,1
270,20260904,1
270,20260906,1
270,20260911,1
270,20260913,1
270,20260918,1
270,20260920,1
270,20260925,1
270,20260927,1
270,20261002,1
270,20261004,1
270,20261009,1
270,20261011,1
270,20261016,1
270,20261018,1
270,20261023,1
270,20261025,1
270,20261030,1
270,20261101,1
270,20261102,1
270,20261103,1
270,20261104,1
270,20261105,1
270,20261106,1
270,20261108,1
270,20261109,1
270,20261110,1
270,20261111,1
270,20261112,1
270,20261113,1
270,20261115,1
270,20261116,1
270,20261117,1
270,20261118,1
270,20261119,1
270,20261120,1
270,20261122,1
270,20261123,1
270,20261124,1
270,20261125,1
270,20261126,1
270,20261127,1
270,20261129,1
270,20261130,1
270,20261201,1
270,20261202,1
270,20261203,1
270,20261204,1
270,20261206,1
270,20261207,1
270,20261208,1
270,20261209,1
270,20261210,1
270,20261211,1
271,20260901,1
271,20260902,1
271,20260903,1
271,20260908,1
271,20260909,1
271,20260910,1
271,20260915,1
271,20260916,1
271,20260917,1
271,20260922,1
271,20260923,1
271,20260924,1
271,20260929,1
271,20260930,1
271,20261001,1
271,20261006,1
271,20261007,1
271,20261008,1
271,20261013,1
271,20261014,1
271,20261015,1
271,20261020,1
271,20261021,1
271,20261022,1
271,20261027,1
271,20261028,1
271,20261029,1
271,20261030,1
271,20261103,1
271,20261104,1
271,20261105,1
271,20261110,1
271,20261111,1
271,20261112,1
271,20261117,1
271,20261118,1
271,20261119,1
271,20261124,1
271,20261125,1
271,20261126,1
271,20261201,1
271,20261202,1
271,20261203,1
271,20261208,1
271,20261209,1
271,20261210,1
272,20260829,1
272,20260905,1
272,20260912,1
272,20260913,1
272,20260919,1
272,20260926,1
272,20261003,1
272,20261010,1
272,20261017,1
272,20261024,1
272,20261031,1
272,20261107,1
272,20261114,1
272,20261121,1
272,20261128,1
272,20261205,1
272,20261212,1
273,20260831,1
273,20260901,1
273,20260902,1
273,20260903,1
273,20260904,1
273,20260907,1
273,20260914,1
273,20260921,1
273,20260928,1
273,20261005,1
273,20261012,1
273,20261019,1
273,20261102,1
273,20261109,1
273,20261116,1
273,20261123,1
273,20261130,1
273,20261207,1
274,20260828,1
274,20260831,1
274,20260901,1
274,20260902,1
274,20260903,1
274,20260904,1
274,20260907,1
274,20260908,1
274,20260909,1
274,20260910,1
274,20260911,1
274,20260914,1
274,20260915,1
274,20260916,1
274,20260917,1
274,20260918,1
274,20260921,1
274,20260922,1
274,20260923,1
274,20260924,1
274,20260925,1
274,20260928,1
274,20260929,1
274,20260930,1
274,20261001,1
274,20261002,1
274,20261005,1
274,20261006,1
274,20261007,1
274,20261008,1
274,20261009,1
274,20261012,1
274,20261013,1
274,20261014,1
274,20261015,1
274,20261016,1
274,20261019,1
274,20261026,1
274,20261102,1
274,20261103,1
274,20261104,1
274,20261105,1
274,20261106,1
274,20261109,1
274,20261110,1
274,20261111,1
274,20261112,1
274,20261113,1
274,20261116,1
274,20261117,1
274,20261118,1
274,20261119,1
274,20261120,1
274,20261123,1
274,20261124,1
274,20261125,1
274,20261126,1
274,20261127,1
274,20261130,1
274,20261201,1
274,20261202,1
274,20261203,1
274,20261204,1
274,20261207,1
274,20261208,1
274,20261209,1
274,20261210,1
274,20261211,1
275,20260913,1
275,20260914,1
275,20260915,1
275,20260916,1
275,20260917,1
275,20260920,1
275,20260921,1
275,20260922,1
275,20260923,1
275,20260924,1
275,20261004,1
275,20261005,1
275,20261006,1
275,20261007,1
275,20261008,1
275,20261011,1
275,20261012,1
275,20261013,1
275,20261014,1
275,20261015,1
275,20261018,1
275,20261019,1
275,20261020,1
275,20261021,1
275,20261022,1
275,20261115,1
275,20261116,1
275,20261117,1
275,20261118,1
275,20261119,1
275,20261122,1
275,20261123,1
275,20261124,1
275,20261125,1
275,20261126,1
275,20261129,1
275,20261130,1
275,20261201,1
275,20261202,1
275,20261203,1
275,20261206,1
275,20261207,1
275,20261208,1
275,20261209,1
275,20261210,1
276,20260828,1
276,20260908,1
276,20260909,1
276,20260910,1
276,20260911,1
276,20260915,1
276,20260916,1
276,20260917,1
276,20260918,1
276,20260922,1
276,20260923,1
276,20260924,1
276,20260925,1
276,20260929,1
276,20260930,1
276,20261001,1
276,20261002,1
276,20261006,1
276,20261007,1
276,20261008,1
276,20261009,1
276,20261013,1
276,20261014,1
276,20261015,1
276,20261016,1
276,20261020,1
276,20261021,1
276,20261022,1
276,20261023,1
276,20261103,1
276,20261104,1
276,20261105,1
276,20261106,1
276,20261110,1
276,20261111,1
276,20261112,1
276,20261113,1
276,20261117,1
276,20261118,1
276,20261119,1
276,20261120,1
276,20261124,1
276,20261125,1
276,20261126,1
276,20261127,1
276,20261201,1
276,20261202,1
276,20261203,1
276,20261204,1
276,20261208,1
276,20261209,1
276,20261210,1
276,20261211,1
277,20260831,1
277,20260901,1
277,20260902,1
277,20260903,1
277,20260904,1
277,20260906,1
277,20260907,1
277,20260908,1
277,20260909,1
277,20260910,1
277,20260911,1
277,20260913,1
277,20260914,1
277,20260915,1
277,20260916,1
277,20260917,1
277,20260918,1
277,20260920,1
277,20260921,1
277,20260922,1
277,20260923,1
277,20260924,1
277,20260925,1
277,20260927,1
277,20260928,1
277,20260929,1
277,20260930,1
277,20261001,1
277,20261002,1
277,20261004,1
277,20261005,1
277,20261006,1
277,20261007,1
277,20261008,1
277,20261009,1
277,20261011,1
277,20261012,1
277,20261013,1
277,20261014,1
277,20261015,1
277,20261016,1
277,20261018,1
277,20261019,1
277,20261020,1
277,20261021,1
277,20261022,1
277,20261023,1
277,20261025,1
277,20261026,1
277,20261027,1
277,20261028,1
277,20261029,1
277,20261030,1
277,20261101,1
277,20261102,1
277,20261103,1
277,20261104,1
277,20261105,1
277,20261106,1
277,20261108,1
277,20261109,1
277,20261110,1
277,20261111,1
277,20261112,1
277,20261113,1
277,20261115,1
277,20261116,1
277,20261117,1
277,20261118,1
277,20261119,1
277,20261120,1
277,20261122,1
277,20261123,1
277,20261124,1
277,20261125,1
277,20261126,1
277,20261127,1
277,20261129,1
277,20261130,1
277,20261201,1
277,20261202,1
277,20261203,1
277,20261204,1
277,20261206,1
277,20261207,1
277,20261208,1
277,20261209,1
277,20261210,1
277,20261211,1
278,20261103,1
278,20261104,1
278,20261105,1
279,20260828,1
279,20260831,1
279,20260901,1
279,20260902,1
279,20260903,1
279,20260904,1
279,20260907,1
279,20260908,1
279,20260909,1
279,20260910,1
279,20260911,1
279,20260914,1
279,20260915,1
279,20260916,1
279,20260917,1
279,20260918,1
279,20260921,1
279,20260922,1
279,20260923,1
279,20260924,1
279,20260925,1
279,20260928,1
279,20260929,1
279,20260930,1
279,20261001,1
279,20261002,1
279,20261005,1
279,20261006,1
279,20261007,1
279,20261008,1
279,20261009,1
279,20261012,1
279,20261013,1
279,20261014,1
279,20261015,1
279,20261016,1
279,20261019,1
279,20261020,1
279,20261021,1
279,20261022,1
279,20261023,1
279,20261026,1
279,20261027,1
279,20261028,1
279,20261029,1
279,20261030,1
279,20261106,1
279,20261109,1
279,20261110,1
279,20261111,1
279,20261112,1
279,20261113,1
279,20261116,1
279,20261117,1
279,20261118,1
279,20261119,1
279,20261120,1
279,20261123,1
279,20261124,1
279,20261125,1
279,20261126,1
279,20261127,1
279,20261130,1
279,20261201,1
279,20261202,1
279,20261203,1
279,20261204,1
279,20261207,1
279,20261208,1
279,20261209,1
279,20261210,1
279,20261211,1
280,20261020,1
280,20261021,1
280,20261022,1
280,20261023,1
280,20261027,1
280,20261028,1
280,20261029,1
280,20261030,1
281,20260831,1
281,20260901,1
281,20260902,1
281,20260903,1
281,20260904,1
281,20260907,1
281,20260908,1
281,20260909,1
281,20260910,1
281,20260911,1
281,20260914,1
281,20260915,1
281,20260916,1
281,20260917,1
281,20260918,1
281,20260921,1
281,20260922,1
281,20260923,1
281,20260924,1
281,20260925,1
281,20260928,1
281,20260929,1
281,20260930,1
281,20261001,1
281,20261002,1
281,20261005,1
281,20261006,1
281,20261007,1
281,20261008,1
281,20261009,1
281,20261012,1
281,20261013,1
281,20261014,1
281,20261015,1
281,20261016,1
281,20261019,1
281,20261020,1
281,20261021,1
281,20261022,1
281,20261023,1
281,20261026,1
281,20261027,1
281,20261028,1
281,20261029,1
281,20261030,1
282,20260831,1
282,20260901,1
282,20260902,1
282,20260903,1
282,20260907,1
282,20260908,1
282,20260909,1
282,20260910,1
282,20260914,1
282,20260915,1
282,20260916,1
282,20260917,1
282,20260921,1
282,20260922,1
282,20260923,1
282,20260924,1
282,20260928,1
282,20260929,1
282,20260930,1
282,20261001,1
282,20261005,1
282,20261006,1
282,20261007,1
282,20261008,1
282,20261012,1
282,20261013,1
282,20261014,1
282,20261015,1
282,20261019,1
282,20261020,1
282,20261021,1
282,20261022,1
282,20261026,1
282,20261027,1
282,20261028,1
282,20261029,1
283,20260830,1
283,20260906,1
283,20260913,1
283,20260920,1
283,20260927,1
283,20261004,1
283,20261011,1
283,20261018,1
283,20261025,1
283,20261101,1
283,20261102,1
283,20261103,1
283,20261104,1
283,20261105,1
283,20261106,1
283,20261108,1
283,20261109,1
283,20261110,1
283,20261111,1
283,20261112,1
283,20261113,1
283,20261115,1
283,20261116,1
283,20261117,1
283,20261118,1
283,20261119,1
283,20261120,1
283,20261122,1
283,20261123,1
283,20261124,1
283,20261125,1
283,20261126,1
283,20261127,1
283,20261129,1
283,20261130,1
283,20261201,1
283,20261202,1
283,20261203,1
283,20261204,1
283,20261206,1
283,20261207,1
283,20261208,1
283,20261209,1
283,20261210,1
283,20261211,1
284,20261011,1
284,20261012,1
284,20261013,1
284,20261014,1
284,20261015,1
285,20261026,1
285,20261027,1
285,20261028,1
285,20261029,1
286,20261101,1
286,20261102,1
287,20261108,1
287,20261110,1
287,20261111,1
287,20261112,1
288,20260912,1
288,20260919,1
288,20260926,1
288,20261003,1
288,20261010,1
288,20261017,1
288,20261031,1
288,20261107,1
288,20261114,1
288,20261121,1
288,20261128,1
288,20261205,1
288,20261212,1
289,20261109,1
290,20260907,1
290,20260914,1
290,20260921,1
290,20261005,1
290,20261012,1
290,20261019,1
290,20261116,1
290,20261130,1
290,20261207,1
291,20260912,1
291,20260919,1
291,20260926,1
291,20261010,1
291,20261017,1
291,20261030,1
291,20261107,1
291,20261114,1
291,20261121,1
291,20261128,1
291,20261205,1
291,20261212,1
292,20260904,1
292,20260911,1
292,20260918,1
292,20260925,1
292,20261009,1
292,20261016,1
292,20261023,1
292,20261106,1
292,20261113,1
292,20261120,1
292,20261127,1
292,20261204,1
292,20261211,1
293,20261027,1
293,20261028,1
293,20261029,1
294,20260928,1
294,20260929,1
294,20260930,1
294,20261001,1
294,20261005,1
294,20261006,1
294,20261007,1
294,20261008,1
294,20261012,1
294,20261013,1
294,20261014,1
294,20261015,1
294,20261019,1
294,20261020,1
294,20261021,1
294,20261022,1
294,20261026,1
294,20261027,1
294,20261028,1
294,20261029,1
294,20261102,1
294,20261103,1
294,20261104,1
294,20261105,1
294,20261109,1
294,20261110,1
294,20261111,1
294,20261112,1
294,20261116,1
294,20261117,1
294,20261118,1
294,20261119,1
294,20261123,1
294,20261124,1
294,20261125,1
294,20261126,1
294,20261130,1
294,20261201,1
294,20261202,1
294,20261203,1
294,20261207,1
294,20261208,1
294,20261209,1
294,20261210,1
295,20260907,1
295,20260908,1
295,20260909,1
295,20260910,1
295,20260911,1
296,20260829,1
296,20260905,1
296,20260906,1
296,20260912,1
296,20260913,1
296,20260919,1
296,20260920,1
296,20260926,1
296,20260927,1
296,20261003,1
296,20261004,1
296,20261010,1
296,20261011,1
296,20261017,1
296,20261018,1
296,20261024,1
296,20261025,1
296,20261031,1
296,20261101,1
296,20261107,1
296,20261108,1
296,20261114,1
296,20261115,1
296,20261121,1
296,20261122,1
296,20261128,1
296,20261129,1
296,20261205,1
296,20261206,1
296,20261212,1
297,20260928,1
297,20260929,1
297,20260930,1
297,20261001,1
297,20261123,1
298,20260831,1
298,20260901,1
298,20260902,1
298,20260903,1
298,20260907,1
298,20260908,1
298,20260909,1
298,20260910,1
298,20260914,1
298,20260915,1
298,20260916,1
298,20260917,1
298,20260921,1
298,20260922,1
298,20260923,1
298,20260924,1
299,20260830,1
299,20260906,1
299,20260920,1
299,20260927,1
299,20261004,1
299,20261011,1
299,20261018,1
299,20261025,1
299,20261108,1
299,20261115,1
299,20261122,1
299,20261129,1
299,20261206,1
300,20260828,1
300,20260829,1
300,20260830,1
300,20260831,1
300,20260901,1
300,20260902,1
300,20260903,1
300,20260904,1
300,20260905,1
300,20260906,1
300,20260907,1
300,20260908,1
300,20260909,1
300,20260910,1
300,20260911,1
300,20260913,1
300,20260914,1
300,20260915,1
300,20260916,1
300,20260917,1
300,20260918,1
300,20260919,1
300,20260920,1
300,20260921,1
300,20260922,1
300,20260923,1
300,20260924,1
300,20260925,1
300,20260926,1
300,20260927,1
300,20260928,1
300,20260929,1
300,20260930,1
300,20261001,1
300,20261002,1
300,20261003,1
300,20261004,1
300,20261005,1
300,20261006,1
300,20261007,1
300,20261008,1
300,20261009,1
300,20261010,1
300,20261011,1
300,20261012,1
300,20261013,1
300,20261014,1
300,20261015,1
300,20261016,1
300,20261017,1
300,20261018,1
300,20261019,1
300,20261020,1
300,20261021,1
300,20261022,1
300,20261023,1
300,20261024,1
300,20261025,1
300,20261026,1
300,20261027,1
300,20261028,1
300,20261029,1
300,20261030,1
300,20261102,1
300,20261103,1
300,20261104,1
300,20261105,1
300,20261106,1
300,20261107,1
300,20261108,1
300,20261109,1
300,20261110,1
300,20261111,1
300,20261112,1
300,20261113,1
300,20261114,1
300,20261115,1
300,20261116,1
300,20261117,1
300,20261118,1
300,20261119,1
300,20261120,1
300,20261121,1
300,20261122,1
300,20261123,1
300,20261124,1
300,20261125,1
300,20261126,1
300,20261127,1
300,20261128,1
300,20261129,1
300,20261130,1
300,20261201,1
300,20261202,1
300,20261203,1
300,20261204,1
300,20261205,1
300,20261206,1
300,20261207,1
300,20261208,1
300,20261209,1
300,20261210,1
300,20261211,1
300,20261212,1
301,20260828,1
301,20260829,1
301,20260830,1
301,20260831,1
301,20260901,1
301,20260902,1
301,20260903,1
301,20260904,1
301,20260905,1
301,20260906,1
301,20260907,1
301,20260908,1
301,20260909,1
301,20260910,1
301,20260911,1
301,20260913,1
301,20260914,1
301,20260915,1
301,20260916,1
301,20260917,1
301,20260918,1
301,20260919,1
301,20260920,1
301,20260921,1
301,20260922,1
301,20260923,1
301,20260924,1
301,20260925,1
301,20260926,1
301,20260927,1
301,20260928,1
301,20260929,1
301,20260930,1
301,20261001,1
301,20261002,1
301,20261003,1
301,20261004,1
301,20261005,1
301,20261006,1
301,20261007,1
301,20261008,1
301,20261009,1
301,20261010,1
301,20261011,1
301,20261012,1
301,20261013,1
301,20261014,1
301,20261015,1
301,20261016,1
301,20261017,1
301,20261018,1
301,20261019,1
301,20261020,1
301,20261021,1
301,20261022,1
301,20261023,1
301,20261024,1
301,20261025,1
301,20261026,1
301,20261027,1
301,20261028,1
301,20261029,1
301,20261102,1
301,20261103,1
301,20261104,1
301,20261105,1
301,20261106,1
301,20261107,1
301,20261108,1
301,20261109,1
301,20261110,1
301,20261111,1
301,20261112,1
301,20261113,1
301,20261114,1
301,20261115,1
301,20261116,1
301,20261117,1
301,20261118,1
301,20261119,1
301,20261120,1
301,20261121,1
301,20261122,1
301,20261123,1
301,20261124,1
301,20261125,1
301,20261126,1
301,20261127,1
301,20261128,1
301,20261129,1
301,20261130,1
301,20261201,1
301,20261202,1
301,20261203,1
301,20261204,1
301,20261205,1
301,20261206,1
301,20261207,1
301,20261208,1
301,20261209,1
301,20261210,1
301,20261211,1
301,20261212,1
302,20260829,1
302,20260830,1
302,20260905,1
302,20260906,1
302,20260913,1
302,20260919,1
302,20260920,1
302,20260926,1
302,20260927,1
302,20261003,1
302,20261004,1
302,20261010,1
302,20261011,1
302,20261017,1
302,20261018,1
302,20261024,1
302,20261025,1
302,20261107,1
302,20261108,1
302,20261114,1
302,20261115,1
302,20261121,1
302,20261122,1
302,20261128,1
302,20261129,1
302,20261205,1
302,20261206,1
302,20261212,1
303,20260828,1
303,20260829,1
303,20260830,1
303,20260905,1
303,20260906,1
303,20260913,1
303,20260919,1
303,20260920,1
303,20260926,1
303,20260927,1
303,20261003,1
303,20261004,1
303,20261010,1
303,20261011,1
303,20261017,1
303,20261018,1
303,20261024,1
303,20261025,1
303,20261107,1
303,20261108,1
303,20261114,1
303,20261115,1
303,20261121,1
303,20261122,1
303,20261128,1
303,20261129,1
303,20261205,1
303,20261206,1
303,20261212,1
304,20260828,1
304,20260831,1
304,20260901,1
304,20260902,1
304,20260903,1
304,20260904,1
304,20260907,1
304,20260908,1
304,20260909,1
304,20260910,1
304,20260911,1
304,20260914,1
304,20260915,1
304,20260916,1
304,20260917,1
304,20260918,1
304,20260921,1
304,20260922,1
304,20260923,1
304,20260924,1
304,20260925,1
304,20261005,1
304,20261006,1
304,20261007,1
304,20261008,1
304,20261009,1
304,20261012,1
304,20261013,1
304,20261014,1
304,20261015,1
304,20261016,1
304,20261026,1
304,20261027,1
304,20261028,1
304,20261029,1
304,20261030,1
304,20261102,1
304,20261103,1
304,20261104,1
304,20261105,1
304,20261106,1
304,20261109,1
304,20261110,1
304,20261111,1
304,20261112,1
304,20261113,1
304,20261116,1
304,20261117,1
304,20261118,1
304,20261119,1
304,20261120,1
304,20261123,1
304,20261124,1
304,20261125,1
304,20261126,1
304,20261127,1
304,20261130,1
304,20261201,1
304,20261202,1
304,20261203,1
304,20261204,1
304,20261207,1
304,20261208,1
304,20261209,1
304,20261210,1
304,20261211,1
305,20260911,1
305,20260912,1
306,20260828,1
306,20260829,1
306,20260831,1
306,20260901,1
306,20260902,1
306,20260903,1
306,20260904,1
306,20260905,1
306,20260907,1
306,20260908,1
306,20260909,1
306,20260910,1
306,20260911,1
306,20260914,1
306,20260915,1
306,20260916,1
306,20260917,1
306,20260918,1
306,20260919,1
306,20260921,1
306,20260922,1
306,20260923,1
306,20260924,1
306,20260925,1
306,20260926,1
306,20260928,1
306,20260929,1
306,20260930,1
306,20261001,1
306,20261002,1
306,20261003,1
306,20261005,1
306,20261006,1
306,20261007,1
306,20261008,1
306,20261009,1
306,20261010,1
306,20261012,1
306,20261013,1
306,20261014,1
306,20261015,1
306,20261016,1
306,20261017,1
306,20261019,1
306,20261020,1
306,20261021,1
306,20261022,1
306,20261023,1
306,20261024,1
306,20261026,1
306,20261027,1
306,20261028,1
306,20261029,1
306,20261030,1
306,20261102,1
306,20261103,1
306,20261104,1
306,20261105,1
306,20261106,1
306,20261107,1
306,20261109,1
306,20261110,1
306,20261111,1
306,20261112,1
306,20261113,1
306,20261114,1
306,20261116,1
306,20261117,1
306,20261118,1
306,20261119,1
306,20261120,1
306,20261121,1
306,20261123,1
306,20261124,1
306,20261125,1
306,20261126,1
306,20261127,1
306,20261128,1
306,20261130,1
306,20261201,1
306,20261202,1
306,20261203,1
306,20261204,1
306,20261205,1
306,20261207,1
306,20261208,1
306,20261209,1
306,20261210,1
306,20261211,1
306,20261212,1
307,20260828,1
307,20260829,1
307,20260904,1
307,20260905,1
307,20260918,1
307,20260919,1
307,20260925,1
307,20260926,1
307,20261009,1
307,20261010,1
307,20261016,1
307,20261017,1
307,20261023,1
307,20261024,1
307,20261106,1
307,20261107,1
307,20261113,1
307,20261114,1
307,20261120,1
307,20261121,1
307,20261127,1
307,20261128,1
307,20261204,1
307,20261205,1
307,20261211,1
307,20261212,1
308,20260831,1
308,20260901,1
308,20260902,1
308,20260903,1
308,20260904,1
308,20260907,1
308,20260908,1
308,20260909,1
308,20260910,1
308,20260911,1
308,20260914,1
308,20260915,1
308,20260916,1
308,20260917,1
308,20260918,1
308,20260921,1
308,20260922,1
308,20260923,1
308,20260924,1
308,20260925,1
308,20260928,1
308,20260929,1
308,20260930,1
308,20261001,1
308,20261002,1
308,20261005,1
308,20261006,1
308,20261007,1
308,20261008,1
308,20261009,1
308,20261012,1
308,20261013,1
308,20261014,1
308,20261015,1
308,20261016,1
308,20261019,1
308,20261020,1
308,20261021,1
308,20261022,1
308,20261023,1
308,20261026,1
308,20261027,1
308,20261028,1
308,20261029,1
308,20261102,1
308,20261103,1
308,20261104,1
308,20261105,1
308,20261106,1
308,20261110,1
308,20261111,1
308,20261112,1
308,20261113,1
308,20261116,1
308,20261117,1
308,20261118,1
308,20261119,1
308,20261120,1
308,20261123,1
308,20261124,1
308,20261125,1
308,20261126,1
308,20261127,1
308,20261130,1
308,20261201,1
308,20261202,1
308,20261203,1
308,20261204,1
308,20261207,1
308,20261208,1
308,20261209,1
308,20261210,1
308,20261211,1
309,20260828,1
309,20260829,1
309,20260830,1
309,20260905,1
309,20260906,1
309,20260912,1
309,20260913,1
309,20260919,1
309,20260926,1
309,20261003,1
309,20261004,1
309,20261010,1
309,20261011,1
309,20261017,1
309,20261024,1
309,20261025,1
309,20261107,1
309,20261108,1
309,20261114,1
309,20261115,1
309,20261121,1
309,20261122,1
309,20261128,1
309,20261129,1
309,20261205,1
309,20261206,1
309,20261212,1
310,20260911,1
310,20261005,1
310,20261006,1
310,20261007,1
310,20261008,1
311,20260828,1
311,20260829,1
311,20260830,1
311,20260905,1
311,20260906,1
311,20260919,1
311,20260926,1
311,20261002,1
311,20261003,1
311,20261004,1
311,20261010,1
311,20261011,1
311,20261017,1
311,20261024,1
311,20261025,1
311,20261107,1
311,20261108,1
311,20261114,1
311,20261115,1
311,20261121,1
311,20261122,1
311,20261128,1
311,20261129,1
311,20261205,1
311,20261206,1
311,20261212,1
312,20260829,1
312,20260830,1
312,20260905,1
312,20260906,1
312,20260919,1
312,20260926,1
312,20261003,1
312,20261010,1
312,20261011,1
312,20261017,1
312,20261018,1
312,20261024,1
312,20261025,1
312,20261107,1
312,20261108,1
312,20261114,1
312,20261115,1
312,20261121,1
312,20261122,1
312,20261128,1
312,20261129,1
312,20261205,1
312,20261206,1
312,20261212,1
313,20260913,1
313,20260920,1
314,20260831,1
314,20260901,1
314,20260902,1
314,20260903,1
314,20260907,1
314,20260908,1
314,20260909,1
314,20260910,1
314,20260928,1
314,20260929,1
314,20260930,1
314,20261001,1
314,20261005,1
314,20261006,1
314,20261007,1
314,20261008,1
314,20261012,1
314,20261013,1
314,20261014,1
314,20261015,1
314,20261019,1
314,20261020,1
314,20261021,1
314,20261022,1
314,20261026,1
314,20261027,1
314,20261028,1
314,20261029,1
314,20261102,1
314,20261103,1
314,20261104,1
314,20261105,1
314,20261109,1
314,20261110,1
314,20261111,1
314,20261112,1
314,20261116,1
314,20261117,1
314,20261118,1
314,20261119,1
314,20261123,1
314,20261124,1
314,20261125,1
314,20261126,1
314,20261130,1
314,20261201,1
314,20261202,1
314,20261203,1
314,20261207,1
314,20261208,1
314,20261209,1
314,20261210,1
315,20260828,1
315,20260831,1
315,20260901,1
315,20260902,1
315,20260903,1
315,20260904,1
315,20260907,1
315,20260908,1
315,20260909,1
315,20260910,1
315,20260911,1
315,20260914,1
315,20260915,1
315,20260916,1
315,20260917,1
315,20260918,1
315,20260928,1
315,20260929,1
315,20260930,1
315,20261001,1
315,20261002,1
315,20261005,1
315,20261006,1
315,20261007,1
315,20261008,1
315,20261009,1
315,20261013,1
315,20261014,1
315,20261015,1
315,20261016,1
315,20261019,1
315,20261020,1
315,20261021,1
315,20261022,1
315,20261023,1
315,20261026,1
315,20261027,1
315,20261028,1
315,20261029,1
315,20261030,1
315,20261102,1
315,20261103,1
315,20261104,1
315,20261105,1
315,20261106,1
315,20261109,1
315,20261110,1
315,20261111,1
315,20261112,1
315,20261113,1
315,20261116,1
315,20261117,1
315,20261118,1
315,20261119,1
315,20261120,1
315,20261123,1
315,20261124,1
315,20261125,1
315,20261126,1
315,20261127,1
315,20261130,1
315,20261201,1
315,20261202,1
315,20261203,1
315,20261204,1
315,20261207,1
315,20261208,1
315,20261209,1
315,20261210,1
315,20261211,1
316,20260831,1
316,20260901,1
316,20260902,1
316,20260903,1
316,20260904,1
316,20260907,1
316,20260908,1
316,20260909,1
316,20260910,1
316,20260918,1
316,20260925,1
316,20261009,1
316,20261012,1
316,20261013,1
316,20261014,1
316,20261015,1
316,20261016,1
316,20261023,1
316,20261026,1
316,20261027,1
316,20261028,1
316,20261029,1
316,20261102,1
316,20261103,1
316,20261104,1
316,20261105,1
316,20261106,1
316,20261109,1
316,20261110,1
316,20261111,1
316,20261112,1
316,20261113,1
316,20261116,1
316,20261117,1
316,20261118,1
316,20261119,1
316,20261120,1
316,20261123,1
316,20261124,1
316,20261125,1
316,20261126,1
316,20261127,1
316,20261130,1
316,20261201,1
316,20261202,1
316,20261203,1
316,20261204,1
316,20261207,1
316,20261208,1
316,20261209,1
316,20261210,1
316,20261211,1
317,20260928,1
317,20260929,1
317,20260930,1
317,20261001,1
317,20261005,1
317,20261006,1
317,20261007,1
317,20261008,1
318,20260929,1
318,20260930,1
318,20261001,1
318,20261002,1
318,20261005,1
318,20261006,1
318,20261007,1
318,20261008,1
319,20260901,1
319,20260902,1
319,20260903,1
319,20260908,1
319,20260909,1
319,20260910,1
319,20260915,1
319,20260916,1
319,20260917,1
319,20260922,1
319,20260923,1
319,20260924,1
319,20260929,1
319,20260930,1
319,20261001,1
319,20261006,1
319,20261007,1
319,20261008,1
319,20261013,1
319,20261014,1
319,20261015,1
319,20261020,1
319,20261021,1
319,20261022,1
319,20261027,1
319,20261028,1
319,20261029,1
319,20261030,1
319,20261103,1
319,20261104,1
319,20261105,1
319,20261124,1
319,20261125,1
319,20261126,1
319,20261201,1
319,20261202,1
319,20261203,1
319,20261208,1
319,20261209,1
319,20261210,1
320,20260828,1
320,20260831,1
320,20260901,1
320,20260902,1
320,20260903,1
320,20260904,1
320,20260907,1
320,20260908,1
320,20260909,1
320,20260910,1
320,20260911,1
320,20260914,1
320,20260915,1
320,20260916,1
320,20260917,1
320,20260918,1
320,20260921,1
320,20260922,1
320,20260923,1
320,20260924,1
320,20260925,1
320,20260928,1
320,20261009,1
320,20261012,1
320,20261013,1
320,20261014,1
320,20261015,1
320,20261016,1
320,20261019,1
320,20261020,1
320,20261021,1
320,20261022,1
320,20261023,1
320,20261026,1
320,20261027,1
320,20261028,1
320,20261029,1
320,20261030,1
320,20261102,1
320,20261103,1
320,20261104,1
320,20261105,1
320,20261106,1
320,20261109,1
320,20261110,1
320,20261111,1
320,20261112,1
320,20261113,1
320,20261116,1
320,20261117,1
320,20261118,1
320,20261119,1
320,20261120,1
320,20261123,1
320,20261124,1
320,20261125,1
320,20261126,1
320,20261127,1
320,20261130,1
320,20261201,1
320,20261202,1
320,20261203,1
320,20261204,1
320,20261207,1
320,20261208,1
320,20261209,1
320,20261210,1
320,20261211,1
321,20260927,1
321,20261004,1
322,20260828,1
322,20260901,1
322,20260902,1
322,20260903,1
322,20260904,1
322,20260908,1
322,20260909,1
322,20260910,1
322,20260911,1
322,20260915,1
322,20260916,1
322,20260917,1
322,20260918,1
322,20260922,1
322,20260923,1
322,20260924,1
322,20260925,1
322,20261006,1
322,20261007,1
322,20261008,1
322,20261009,1
322,20261013,1
322,20261014,1
322,20261015,1
322,20261016,1
322,20261020,1
322,20261021,1
322,20261022,1
322,20261023,1
322,20261026,1
322,20261027,1
322,20261028,1
322,20261029,1
322,20261030,1
322,20261103,1
322,20261104,1
322,20261105,1
322,20261106,1
322,20261110,1
322,20261111,1
322,20261112,1
322,20261113,1
322,20261117,1
322,20261118,1
322,20261119,1
322,20261120,1
322,20261201,1
322,20261202,1
322,20261203,1
322,20261204,1
322,20261208,1
322,20261209,1
322,20261210,1
322,20261211,1
323,20260928,1
323,20260930,1
323,20261001,1
323,20261002,1
323,20261125,1
323,20261126,1
323,20261127,1
324,20260829,1
324,20260905,1
324,20260919,1
324,20260926,1
324,20261010,1
324,20261017,1
324,20261024,1
324,20261107,1
324,20261114,1
324,20261121,1
324,20261128,1
324,20261205,1
324,20261212,1
325,20260830,1
325,20260906,1
325,20260920,1
325,20260927,1
325,20261011,1
325,20261018,1
325,20261025,1
325,20261108,1
325,20261115,1
325,20261122,1
325,20261129,1
325,20261206,1
326,20260829,1
326,20260905,1
326,20260919,1
326,20261003,1
326,20261010,1
326,20261017,1
326,20261024,1
326,20261107,1
326,20261114,1
326,20261121,1
326,20261128,1
326,20261205,1
326,20261212,1
327,20260828,1
327,20260829,1
327,20260830,1
327,20260831,1
327,20260901,1
327,20260902,1
327,20260903,1
327,20260904,1
327,20260905,1
327,20260906,1
327,20260907,1
327,20260908,1
327,20260909,1
327,20260910,1
327,20260911,1
327,20260913,1
327,20260914,1
327,20260915,1
327,20260916,1
327,20260917,1
327,20260918,1
327,20260919,1
327,20260920,1
327,20260921,1
327,20260922,1
327,20260923,1
327,20260924,1
327,20260925,1
327,20260926,1
327,20261009,1
327,20261010,1
327,20261011,1
327,20261012,1
327,20261013,1
327,20261014,1
327,20261015,1
327,20261016,1
327,20261017,1
327,20261018,1
327,20261019,1
327,20261020,1
327,20261021,1
327,20261022,1
327,20261023,1
327,20261024,1
327,20261025,1
327,20261026,1
327,20261027,1
327,20261028,1
327,20261029,1
327,20261102,1
327,20261103,1
327,20261104,1
327,20261105,1
327,20261106,1
327,20261107,1
327,20261108,1
327,20261109,1
327,20261110,1
327,20261111,1
327,20261112,1
327,20261113,1
327,20261114,1
327,20261115,1
327,20261116,1
327,20261117,1
327,20261118,1
327,20261119,1
327,20261120,1
327,20261121,1
327,20261122,1
327,20261123,1
327,20261124,1
327,20261125,1
327,20261126,1
327,20261127,1
327,20261128,1
327,20261129,1
327,20261130,1
327,20261201,1
327,20261202,1
327,20261203,1
327,20261204,1
327,20261205,1
327,20261206,1
327,20261207,1
327,20261208,1
327,20261209,1
327,20261210,1
327,20261211,1
327,20261212,1
328,20260830,1
328,20260906,1
328,20260913,1
328,20260920,1
328,20260927,1
328,20261011,1
328,20261018,1
328,20261025,1
328,20261108,1
328,20261115,1
328,20261122,1
328,20261129,1
328,20261206,1
329,20260828,1
329,20260830,1
329,20260831,1
329,20260901,1
329,20260902,1
329,20260903,1
329,20260904,1
329,20260918,1
329,20260925,1
329,20261009,1
329,20261012,1
329,20261013,1
329,20261014,1
329,20261015,1
329,20261016,1
329,20261023,1
329,20261025,1
329,20261026,1
329,20261027,1
329,20261028,1
329,20261029,1
329,20261102,1
329,20261103,1
329,20261104,1
329,20261105,1
329,20261106,1
329,20261108,1
329,20261109,1
329,20261110,1
329,20261111,1
329,20261112,1
329,20261113,1
329,20261115,1
329,20261116,1
329,20261117,1
329,20261118,1
329,20261119,1
329,20261120,1
329,20261122,1
329,20261123,1
329,20261124,1
329,20261125,1
329,20261126,1
329,20261127,1
329,20261129,1
329,20261130,1
329,20261201,1
329,20261202,1
329,20261203,1
329,20261204,1
329,20261206,1
329,20261207,1
329,20261208,1
329,20261209,1
329,20261210,1
329,20261211,1
330,20260831,1
330,20260907,1
330,20260914,1
330,20260921,1
330,20261005,1
330,20261012,1
330,20261019,1
330,20261102,1
330,20261109,1
330,20261116,1
330,20261123,1
330,20261130,1
330,20261207,1
331,20260828,1
331,20260831,1
331,20260901,1
331,20260902,1
331,20260903,1
331,20260904,1
331,20260907,1
331,20260908,1
331,20260909,1
331,20260910,1
331,20260911,1
331,20260914,1
331,20260915,1
331,20260916,1
331,20260917,1
331,20260918,1
331,20261005,1
331,20261006,1
331,20261007,1
331,20261008,1
331,20261009,1
331,20261013,1
331,20261014,1
331,20261015,1
331,20261016,1
331,20261019,1
331,20261020,1
331,20261021,1
331,20261022,1
331,20261023,1
331,20261026,1
331,20261027,1
331,20261028,1
331,20261029,1
331,20261030,1
331,20261102,1
331,20261103,1
331,20261104,1
331,20261105,1
331,20261106,1
331,20261109,1
331,20261110,1
331,20261111,1
331,20261112,1
331,20261113,1
331,20261116,1
331,20261117,1
331,20261118,1
331,20261119,1
331,20261120,1
331,20261123,1
331,20261124,1
331,20261125,1
331,20261126,1
331,20261127,1
331,20261130,1
331,20261201,1
331,20261202,1
331,20261203,1
331,20261204,1
331,20261207,1
331,20261208,1
331,20261209,1
331,20261210,1
331,20261211,1
332,20261109,1
332,20261110,1
332,20261111,1
332,20261112,1
332,20261116,1
332,20261117,1
332,20261118,1
332,20261119,1
333,20260831,1
333,20260901,1
333,20260902,1
333,20260903,1
333,20260907,1
333,20260908,1
333,20260909,1
333,20260910,1
333,20260914,1
333,20260915,1
333,20260916,1
333,20260917,1
333,20260921,1
333,20260922,1
333,20260923,1
333,20260924,1
333,20261012,1
333,20261013,1
333,20261014,1
333,20261015,1
333,20261019,1
333,20261020,1
333,20261021,1
333,20261022,1
333,20261026,1
333,20261027,1
333,20261028,1
333,20261029,1
333,20261102,1
333,20261103,1
333,20261104,1
333,20261105,1
333,20261109,1
333,20261110,1
333,20261111,1
333,20261112,1
333,20261116,1
333,20261117,1
333,20261118,1
333,20261119,1
333,20261123,1
333,20261124,1
333,20261125,1
333,20261126,1
333,20261130,1
333,20261201,1
333,20261202,1
333,20261203,1
333,20261207,1
333,20261208,1
333,20261209,1
333,20261210,1
334,20260927,1
334,20260928,1
334,20260929,1
334,20260930,1
334,20261001,1
334,20261002,1
334,20261003,1
334,20261004,1
334,20261005,1
334,20261006,1
334,20261007,1
334,20261008,1
335,20260914,1
335,20260915,1
335,20260916,1
335,20260917,1
335,20260921,1
335,20260922,1
335,20260923,1
335,20260924,1
336,20260831,1
336,20260901,1
336,20260902,1
336,20260903,1
336,20260904,1
336,20260907,1
336,20260908,1
336,20260909,1
336,20260910,1
336,20260911,1
336,20260914,1
336,20260915,1
336,20260916,1
336,20260917,1
336,20260918,1
336,20260921,1
336,20260922,1
336,20260923,1
336,20260924,1
336,20260925,1
336,20260928,1
336,20260929,1
336,20260930,1
336,20261001,1
336,20261002,1
336,20261005,1
336,20261006,1
336,20261007,1
336,20261008,1
336,20261009,1
336,20261012,1
336,20261013,1
336,20261014,1
336,20261015,1
336,20261016,1
336,20261019,1
336,20261020,1
336,20261021,1
336,20261022,1
336,20261023,1
336,20261026,1
336,20261027,1
336,20261028,1
336,20261029,1
336,20261102,1
336,20261103,1
336,20261104,1
336,20261105,1
336,20261106,1
336,20261109,1
336,20261110,1
336,20261111,1
336,20261112,1
336,20261113,1
336,20261116,1
336,20261117,1
336,20261118,1
336,20261119,1
336,20261120,1
336,20261123,1
336,20261124,1
336,20261125,1
336,20261126,1
336,20261127,1
336,20261130,1
336,20261201,1
336,20261202,1
336,20261203,1
336,20261204,1
336,20261207,1
336,20261208,1
336,20261209,1
336,20261210,1
336,20261211,1
337,20260831,1
337,20260907,1
337,20260914,1
337,20260921,1
337,20260928,1
337,20261005,1
337,20261012,1
337,20261019,1
337,20261026,1
337,20261102,1
337,20261123,1
337,20261130,1
337,20261207,1
338,20260831,1
338,20260901,1
338,20260902,1
338,20260903,1
338,20260904,1
338,20260907,1
338,20260908,1
338,20260909,1
338,20260910,1
338,20260911,1
338,20260914,1
338,20260915,1
338,20260916,1
338,20260917,1
338,20260918,1
338,20260921,1
338,20260922,1
338,20260923,1
338,20260924,1
338,20260925,1
338,20261002,1
338,20261005,1
338,20261006,1
338,20261007,1
338,20261008,1
338,20261009,1
338,20261012,1
338,20261013,1
338,20261014,1
338,20261015,1
338,20261016,1
338,20261023,1
338,20261026,1
338,20261027,1
338,20261028,1
338,20261029,1
338,20261102,1
338,20261103,1
338,20261104,1
338,20261105,1
338,20261106,1
338,20261109,1
338,20261110,1
338,20261111,1
338,20261112,1
338,20261113,1
338,20261116,1
338,20261117,1
338,20261118,1
338,20261119,1
338,20261120,1
338,20261123,1
338,20261124,1
338,20261125,1
338,20261126,1
338,20261127,1
338,20261130,1
338,20261201,1
338,20261202,1
338,20261203,1
338,20261204,1
338,20261207,1
338,20261208,1
338,20261209,1
338,20261210,1
338,20261211,1
339,20260929,1
340,20260831,1
340,20260901,1
340,20260902,1
340,20260903,1
340,20260904,1
340,20260907,1
340,20260908,1
340,20260909,1
340,20260910,1
340,20260911,1
340,20260914,1
340,20260916,1
340,20260918,1
340,20260921,1
340,20260925,1
340,20260928,1
340,20260929,1
340,20260930,1
340,20261001,1
340,20261002,1
340,20261005,1
340,20261006,1
340,20261007,1
340,20261008,1
340,20261009,1
340,20261012,1
340,20261013,1
340,20261014,1
340,20261015,1
340,20261016,1
340,20261019,1
340,20261020,1
340,20261021,1
340,20261022,1
340,20261023,1
340,20261026,1
340,20261027,1
340,20261028,1
340,20261029,1
340,20261030,1
340,20261102,1
340,20261103,1
340,20261104,1
340,20261105,1
340,20261106,1
340,20261109,1
340,20261110,1
340,20261111,1
340,20261112,1
340,20261113,1
340,20261116,1
340,20261117,1
340,20261118,1
340,20261119,1
340,20261120,1
340,20261123,1
340,20261124,1
340,20261125,1
340,20261126,1
340,20261127,1
340,20261130,1
340,20261201,1
340,20261202,1
340,20261203,1
340,20261204,1
340,20261207,1
340,20261208,1
340,20261209,1
340,20261210,1
340,20261211,1
341,20261030,1
341,20261031,1
342,20260921,1
343,20261030,1
343,20261031,1
343,20261101,1
344,20260915,1
344,20260917,1
344,20260922,1
344,20260923,1
344,20260924,1
345,20261002,1
345,20261003,1
345,20261004,1
345,20261005,1
345,20261006,1
345,20261007,1
345,20261008,1
346,20260831,1
346,20260901,1
346,20260902,1
346,20260903,1
346,20260904,1
346,20260907,1
346,20260908,1
346,20260909,1
346,20260910,1
346,20260911,1
346,20260914,1
346,20260916,1
346,20260918,1
346,20260921,1
346,20260922,1
346,20260923,1
346,20260924,1
346,20260925,1
346,20260928,1
346,20260929,1
346,20260930,1
346,20261001,1
346,20261002,1
346,20261005,1
346,20261006,1
346,20261007,1
346,20261008,1
346,20261009,1
346,20261012,1
346,20261013,1
346,20261014,1
346,20261015,1
346,20261016,1
346,20261019,1
346,20261020,1
346,20261021,1
346,20261022,1
346,20261023,1
346,20261026,1
346,20261027,1
346,20261028,1
346,20261029,1
346,20261030,1
346,20261102,1
346,20261103,1
346,20261104,1
346,20261105,1
346,20261106,1
346,20261109,1
346,20261113,1
346,20261116,1
346,20261120,1
346,20261123,1
346,20261124,1
346,20261125,1
346,20261126,1
346,20261127,1
346,20261130,1
346,20261201,1
346,20261202,1
346,20261203,1
346,20261204,1
346,20261207,1
346,20261208,1
346,20261209,1
346,20261210,1
346,20261211,1
347,20260831,1
347,20260901,1
347,20260902,1
347,20260903,1
347,20260904,1
347,20260907,1
347,20260908,1
347,20260909,1
347,20260910,1
347,20260911,1
347,20260918,1
347,20260925,1
347,20260928,1
347,20260929,1
347,20260930,1
347,20261001,1
347,20261002,1
347,20261005,1
347,20261006,1
347,20261007,1
347,20261008,1
347,20261009,1
347,20261012,1
347,20261013,1
347,20261014,1
347,20261015,1
347,20261016,1
347,20261019,1
347,20261020,1
347,20261021,1
347,20261022,1
347,20261023,1
347,20261026,1
347,20261027,1
347,20261028,1
347,20261029,1
347,20261102,1
347,20261103,1
347,20261104,1
347,20261105,1
347,20261106,1
347,20261109,1
347,20261110,1
347,20261111,1
347,20261112,1
347,20261113,1
347,20261116,1
347,20261117,1
347,20261118,1
347,20261119,1
347,20261120,1
347,20261123,1
347,20261124,1
347,20261125,1
347,20261126,1
347,20261127,1
347,20261130,1
347,20261201,1
347,20261202,1
347,20261203,1
347,20261204,1
347,20261207,1
347,20261208,1
347,20261209,1
347,20261210,1
347,20261211,1
348,20261019,1
348,20261020,1
349,20260828,1
349,20261113,1
349,20261120,1
350,20260904,1
350,20260918,1
350,20260925,1
350,20261009,1
350,20261016,1
350,20261023,1
350,20261106,1
350,20261113,1
350,20261120,1
350,20261127,1
350,20261204,1
350,20261211,1
351,20260828,1
351,20260904,1
351,20260918,1
351,20260925,1
351,20261002,1
351,20261009,1
351,20261016,1
351,20261023,1
351,20261030,1
351,20261106,1
351,20261113,1
351,20261120,1
351,20261127,1
351,20261204,1
351,20261211,1
352,20260922,1
352,20260923,1
352,20260924,1
352,20260925,1
353,20260926,1
354,20260915,1
354,20260917,1
354,20261117,1
354,20261118,1
354,20261119,1
355,20260831,1
355,20260901,1
355,20260902,1
355,20260903,1
355,20260904,1
355,20260907,1
355,20260908,1
355,20260909,1
355,20260910,1
355,20260911,1
355,20260914,1
355,20260916,1
355,20260918,1
355,20260921,1
355,20260922,1
355,20260923,1
355,20260924,1
355,20260925,1
355,20260928,1
355,20260929,1
355,20260930,1
355,20261001,1
355,20261002,1
355,20261005,1
355,20261006,1
355,20261007,1
355,20261008,1
355,20261009,1
355,20261012,1
355,20261013,1
355,20261014,1
355,20261015,1
355,20261016,1
355,20261019,1
355,20261020,1
355,20261021,1
355,20261022,1
355,20261023,1
355,20261026,1
355,20261027,1
355,20261028,1
355,20261029,1
355,20261030,1
355,20261102,1
355,20261103,1
355,20261104,1
355,20261105,1
355,20261106,1
355,20261109,1
355,20261113,1
355,20261116,1
355,20261117,1
355,20261118,1
355,20261119,1
355,20261120,1
355,20261123,1
355,20261124,1
355,20261125,1
355,20261126,1
355,20261127,1
355,20261130,1
355,20261201,1
355,20261202,1
355,20261203,1
355,20261204,1
355,20261207,1
355,20261208,1
355,20261209,1
355,20261210,1
355,20261211,1
356,20261012,1
357,20260904,1
357,20260911,1
357,20260918,1
357,20260925,1
357,20261002,1
357,20261009,1
357,20261016,1
357,20261023,1
357,20261106,1
357,20261127,1
357,20261204,1
357,20261211,1
358,20260828,1
358,20260911,1
358,20261002,1
358,20261030,1
359,20260915,1
359,20260917,1
359,20261110,1
359,20261111,1
359,20261112,1
359,20261117,1
359,20261118,1
359,20261119,1
360,20260831,1
360,20260901,1
360,20260902,1
360,20260903,1
360,20260904,1
360,20260907,1
360,20260908,1
360,20260909,1
360,20260910,1
360,20260911,1
360,20260914,1
360,20260916,1
360,20260918,1
360,20260921,1
360,20260922,1
360,20260923,1
360,20260924,1
360,20260925,1
360,20260928,1
360,20260929,1
360,20260930,1
360,20261001,1
360,20261002,1
360,20261005,1
360,20261006,1
360,20261007,1
360,20261008,1
360,20261009,1
360,20261012,1
360,20261013,1
360,20261014,1
360,20261015,1
360,20261016,1
360,20261019,1
360,20261020,1
360,20261021,1
360,20261022,1
360,20261023,1
360,20261026,1
360,20261027,1
360,20261028,1
360,20261029,1
360,20261030,1
360,20261102,1
360,20261103,1
360,20261104,1
360,20261105,1
360,20261106,1
360,20261109,1
360,20261110,1
360,20261111,1
360,20261112,1
360,20261113,1
360,20261116,1
360,20261120,1
360,20261123,1
360,20261124,1
360,20261125,1
360,20261126,1
360,20261127,1
360,20261130,1
360,20261201,1
360,20261202,1
360,20261203,1
360,20261204,1
360,20261207,1
360,20261208,1
360,20261209,1
360,20261210,1
360,20261211,1
361,20260915,1
361,20260917,1
361,20261110,1
361,20261111,1
361,20261112,1
362,20261021,1
362,20261022,1
363,20260828,1
363,20260829,1
363,20260830,1
363,20260905,1
363,20260906,1
363,20260913,1
363,20260919,1
363,20260926,1
363,20260927,1
363,20261003,1
363,20261004,1
363,20261010,1
363,20261017,1
363,20261018,1
363,20261024,1
363,20261107,1
363,20261108,1
363,20261114,1
363,20261115,1
363,20261121,1
363,20261122,1
363,20261128,1
363,20261129,1
363,20261205,1
363,20261206,1
363,20261212,1
364,20260914,1
364,20260916,1
364,20260917,1
364,20260921,1
364,20260922,1
364,20260923,1
364,20260924,1
365,20260831,1
365,20260901,1
365,20260902,1
365,20260903,1
365,20260904,1
365,20260907,1
365,20260908,1
365,20260909,1
365,20260910,1
365,20260911,1
365,20260914,1
365,20260915,1
365,20260916,1
365,20260917,1
365,20260918,1
365,20260921,1
365,20260922,1
365,20260923,1
365,20260924,1
365,20260925,1
365,20260928,1
365,20260929,1
365,20260930,1
365,20261001,1
365,20261002,1
365,20261005,1
365,20261006,1
365,20261007,1
365,20261008,1
365,20261009,1
365,20261016,1
365,20261019,1
365,20261020,1
365,20261021,1
365,20261022,1
365,20261023,1
365,20261102,1
365,20261103,1
365,20261104,1
365,20261105,1
365,20261106,1
365,20261109,1
365,20261110,1
365,20261111,1
365,20261112,1
365,20261113,1
365,20261116,1
365,20261117,1
365,20261118,1
365,20261119,1
365,20261120,1
365,20261123,1
365,20261124,1
365,20261125,1
365,20261126,1
365,20261127,1
365,20261130,1
365,20261201,1
365,20261202,1
365,20261203,1
365,20261204,1
365,20261207,1
365,20261208,1
365,20261209,1
365,20261210,1
365,20261211,1
366,20260828,1
366,20260829,1
366,20260830,1
366,20260901,1
366,20260902,1
366,20260903,1
366,20260904,1
366,20260905,1
366,20260906,1
366,20260908,1
366,20260909,1
366,20260910,1
366,20260911,1
366,20260912,1
366,20260918,1
366,20260919,1
366,20260922,1
366,20260923,1
366,20260924,1
366,20260925,1
366,20260926,1
366,20260927,1
366,20260929,1
366,20260930,1
366,20261001,1
366,20261002,1
366,20261003,1
366,20261004,1
366,20261006,1
366,20261007,1
366,20261008,1
366,20261009,1
366,20261010,1
366,20261016,1
366,20261017,1
366,20261018,1
366,20261020,1
366,20261021,1
366,20261022,1
366,20261023,1
366,20261024,1
366,20261103,1
366,20261104,1
366,20261105,1
366,20261106,1
366,20261107,1
366,20261108,1
366,20261110,1
366,20261111,1
366,20261112,1
366,20261113,1
366,20261114,1
366,20261115,1
366,20261117,1
366,20261118,1
366,20261119,1
366,20261120,1
366,20261121,1
366,20261122,1
366,20261124,1
366,20261125,1
366,20261126,1
366,20261127,1
366,20261128,1
366,20261129,1
366,20261201,1
366,20261202,1
366,20261203,1
366,20261204,1
366,20261205,1
366,20261206,1
366,20261208,1
366,20261209,1
366,20261210,1
366,20261211,1
366,20261212,1
367,20260830,1
367,20260906,1
367,20261004,1
367,20261011,1
367,20261018,1
367,20261025,1
367,20261108,1
367,20261115,1
367,20261122,1
367,20261129,1
367,20261206,1
368,20260901,1
368,20260902,1
368,20260903,1
368,20260908,1
368,20260909,1
368,20260910,1
368,20261006,1
368,20261007,1
368,20261008,1
368,20261013,1
368,20261014,1
368,20261015,1
368,20261020,1
368,20261021,1
368,20261022,1
368,20261027,1
368,20261028,1
368,20261029,1
368,20261030,1
368,20261031,1
368,20261101,1
368,20261103,1
368,20261104,1
368,20261118,1
368,20261201,1
368,20261202,1
368,20261203,1
368,20261208,1
368,20261209,1
368,20261210,1
369,20260828,1
369,20260829,1
369,20260904,1
369,20260905,1
369,20260911,1
369,20260912,1
369,20260918,1
369,20260919,1
369,20260925,1
369,20260926,1
369,20261002,1
369,20261003,1
369,20261009,1
369,20261010,1
369,20261016,1
369,20261017,1
369,20261023,1
369,20261024,1
369,20261106,1
369,20261107,1
369,20261113,1
369,20261114,1
369,20261120,1
369,20261121,1
369,20261127,1
369,20261128,1
369,20261204,1
369,20261205,1
369,20261211,1
369,20261212,1
370,20260828,1
370,20260831,1
370,20260901,1
370,20260902,1
370,20260903,1
370,20260904,1
370,20260922,1
370,20260923,1
370,20260924,1
370,20260925,1
370,20261005,1
370,20261006,1
370,20261007,1
370,20261008,1
370,20261009,1
370,20261012,1
370,20261013,1
370,20261014,1
370,20261015,1
370,20261016,1
370,20261019,1
370,20261020,1
370,20261021,1
370,20261022,1
370,20261023,1
370,20261026,1
370,20261027,1
370,20261028,1
370,20261029,1
370,20261030,1
370,20261102,1
370,20261103,1
370,20261104,1
370,20261105,1
370,20261106,1
370,20261109,1
370,20261110,1
370,20261111,1
370,20261112,1
370,20261113,1
370,20261116,1
370,20261117,1
370,20261118,1
370,20261119,1
370,20261120,1
370,20261123,1
370,20261124,1
370,20261125,1
370,20261126,1
370,20261127,1
370,20261130,1
370,20261201,1
370,20261202,1
370,20261203,1
370,20261204,1
370,20261207,1
370,20261208,1
370,20261209,1
370,20261210,1
370,20261211,1
371,20260828,1
371,20260829,1
371,20260830,1
371,20260831,1
371,20260901,1
371,20260902,1
371,20260903,1
371,20260904,1
371,20260905,1
371,20260906,1
371,20260907,1
371,20260908,1
371,20260909,1
371,20260910,1
371,20260911,1
371,20260912,1
371,20260913,1
371,20260914,1
371,20260915,1
371,20260916,1
371,20260917,1
371,20260918,1
371,20260919,1
371,20260920,1
371,20260921,1
371,20260922,1
371,20260923,1
371,20260924,1
371,20260925,1
371,20260926,1
371,20260927,1
371,20260928,1
371,20260929,1
371,20260930,1
371,20261001,1
371,20261002,1
371,20261003,1
371,20261004,1
371,20261005,1
371,20261006,1
371,20261007,1
371,20261008,1
371,20261009,1
371,20261010,1
371,20261011,1
371,20261012,1
371,20261013,1
371,20261014,1
371,20261015,1
371,20261016,1
371,20261017,1
371,20261018,1
371,20261019,1
371,20261020,1
371,20261021,1
371,20261022,1
371,20261023,1
371,20261024,1
371,20261025,1
371,20261026,1
371,20261027,1
371,20261028,1
371,20261029,1
371,20261102,1
371,20261103,1
371,20261104,1
371,20261105,1
371,20261106,1
371,20261107,1
371,20261108,1
371,20261109,1
371,20261110,1
371,20261111,1
371,20261112,1
371,20261113,1
371,20261114,1
371,20261115,1
371,20261116,1
371,20261117,1
371,20261118,1
371,20261119,1
371,20261120,1
371,20261121,1
371,20261122,1
371,20261123,1
371,20261124,1
371,20261125,1
371,20261126,1
371,20261127,1
371,20261128,1
371,20261129,1
371,20261130,1
371,20261201,1
371,20261202,1
371,20261203,1
371,20261204,1
371,20261205,1
371,20261206,1
371,20261207,1
371,20261208,1
371,20261209,1
371,20261210,1
371,20261211,1
371,20261212,1
372,20260828,1
372,20260829,1
372,20260905,1
372,20260919,1
372,20260926,1
372,20261010,1
372,20261017,1
372,20261024,1
372,20261107,1
372,20261114,1
372,20261121,1
372,20261128,1
372,20261205,1
372,20261212,1
373,20260831,1
373,20260907,1
373,20260921,1
373,20260928,1
373,20261005,1
373,20261019,1
373,20261102,1
373,20261109,1
373,20261116,1
373,20261123,1
373,20261130,1
373,20261207,1
374,20260831,1
374,20260907,1
374,20261005,1
374,20261012,1
374,20261019,1
374,20261026,1
374,20261102,1
374,20261105,1
374,20261109,1
374,20261110,1
374,20261111,1
374,20261112,1
374,20261116,1
374,20261117,1
374,20261119,1
374,20261130,1
374,20261207,1
375,20260930,1
375,20261001,1
375,20261002,1
376,20260830,1
376,20260906,1
376,20261011,1
376,20261018,1
376,20261025,1
376,20261108,1
376,20261115,1
376,20261122,1
376,20261129,1
376,20261206,1
377,20260828,1
377,20260904,1
377,20260911,1
377,20260918,1
377,20260925,1
377,20261016,1
377,20261023,1
377,20261030,1
377,20261106,1
377,20261113,1
377,20261120,1
377,20261127,1
377,20261204,1
377,20261211,1
378,20260828,1
378,20260901,1
378,20260902,1
378,20260903,1
378,20260904,1
378,20260908,1
378,20260909,1
378,20260910,1
378,20260911,1
378,20260914,1
378,20260915,1
378,20260916,1
378,20260917,1
378,20260918,1
378,20260921,1
378,20260922,1
378,20260923,1
378,20260924,1
378,20260925,1
378,20261013,1
378,20261014,1
378,20261015,1
378,20261016,1
378,20261020,1
378,20261021,1
378,20261022,1
378,20261023,1
378,20261027,1
378,20261028,1
378,20261029,1
378,20261030,1
378,20261103,1
378,20261104,1
378,20261105,1
378,20261106,1
378,20261110,1
378,20261111,1
378,20261112,1
378,20261113,1
378,20261117,1
378,20261118,1
378,20261119,1
378,20261120,1
378,20261124,1
378,20261125,1
378,20261126,1
378,20261127,1
378,20261201,1
378,20261202,1
378,20261203,1
378,20261204,1
378,20261208,1
378,20261209,1
378,20261210,1
378,20261211,1
379,20260828,1
379,20260829,1
379,20260830,1
379,20260905,1
379,20260906,1
379,20260911,1
379,20260912,1
379,20260913,1
379,20260919,1
379,20260920,1
379,20260926,1
379,20260927,1
379,20260928,1
379,20260929,1
379,20260930,1
379,20261001,1
379,20261002,1
379,20261003,1
379,20261004,1
379,20261005,1
379,20261006,1
379,20261007,1
379,20261008,1
379,20261010,1
379,20261011,1
379,20261017,1
379,20261018,1
379,20261024,1
379,20261025,1
379,20261107,1
379,20261108,1
379,20261114,1
379,20261115,1
379,20261121,1
379,20261122,1
379,20261128,1
379,20261129,1
379,20261205,1
379,20261206,1
379,20261212,1
380,20260829,1
380,20260905,1
380,20260912,1
380,20260919,1
380,20261003,1
380,20261010,1
380,20261017,1
380,20261024,1
380,20261107,1
380,20261114,1
380,20261121,1
380,20261128,1
380,20261205,1
380,20261212,1
381,20260901,1
381,20260902,1
381,20260903,1
381,20260908,1
381,20260909,1
381,20260910,1
381,20260914,1
381,20260915,1
381,20260916,1
381,20260917,1
381,20260921,1
381,20260922,1
381,20260923,1
381,20260924,1
381,20261013,1
381,20261014,1
381,20261015,1
381,20261020,1
381,20261021,1
381,20261022,1
381,20261027,1
381,20261028,1
381,20261029,1
381,20261103,1
381,20261104,1
381,20261105,1
381,20261110,1
381,20261111,1
381,20261112,1
381,20261117,1
381,20261118,1
381,20261119,1
381,20261124,1
381,20261125,1
381,20261126,1
381,20261201,1
381,20261202,1
381,20261203,1
381,20261208,1
381,20261209,1
381,20261210,1
382,20260831,1
382,20260901,1
382,20260902,1
382,20260903,1
382,20260907,1
382,20260908,1
382,20260909,1
382,20260910,1
382,20260914,1
382,20260915,1
382,20260916,1
382,20260917,1
382,20260921,1
382,20260922,1
382,20260923,1
382,20260924,1
382,20261012,1
382,20261013,1
382,20261014,1
382,20261015,1
382,20261019,1
382,20261020,1
382,20261021,1
382,20261022,1
382,20261026,1
382,20261027,1
382,20261028,1
382,20261029,1
382,20261103,1
382,20261104,1
382,20261105,1
382,20261109,1
382,20261110,1
382,20261111,1
382,20261112,1
382,20261116,1
382,20261117,1
382,20261118,1
382,20261119,1
382,20261123,1
382,20261124,1
382,20261125,1
382,20261126,1
382,20261130,1
382,20261201,1
382,20261202,1
382,20261203,1
382,20261207,1
382,20261208,1
382,20261209,1
382,20261210,1
383,20260828,1
383,20260829,1
383,20260904,1
383,20260905,1
383,20260911,1
383,20260918,1
383,20260919,1
383,20260925,1
383,20260926,1
383,20261010,1
383,20261016,1
383,20261017,1
383,20261023,1
383,20261024,1
383,20261030,1
383,20261102,1
383,20261106,1
383,20261107,1
383,20261113,1
383,20261114,1
383,20261120,1
383,20261121,1
383,20261127,1
383,20261128,1
383,20261204,1
383,20261205,1
383,20261211,1
383,20261212,1
384,20260828,1
384,20260829,1
384,20260830,1
384,20260831,1
384,20260901,1
384,20260902,1
384,20260903,1
384,20260904,1
384,20260905,1
384,20260906,1
384,20260907,1
384,20260908,1
384,20260909,1
384,20260910,1
384,20260911,1
384,20260918,1
384,20260919,1
384,20260921,1
384,20260922,1
384,20260923,1
384,20260924,1
384,20260925,1
384,20260926,1
384,20261002,1
384,20261003,1
384,20261004,1
384,20261005,1
384,20261006,1
384,20261007,1
384,20261008,1
384,20261009,1
384,20261010,1
384,20261016,1
384,20261017,1
384,20261018,1
384,20261019,1
384,20261020,1
384,20261021,1
384,20261022,1
384,20261023,1
384,20261024,1
384,20261025,1
384,20261026,1
384,20261027,1
384,20261028,1
384,20261029,1
384,20261102,1
384,20261103,1
384,20261104,1
384,20261105,1
384,20261106,1
384,20261107,1
384,20261108,1
384,20261109,1
384,20261110,1
384,20261111,1
384,20261112,1
384,20261113,1
384,20261114,1
384,20261115,1
384,20261116,1
384,20261117,1
384,20261118,1
384,20261119,1
384,20261120,1
384,20261121,1
384,20261122,1
384,20261123,1
384,20261124,1
384,20261125,1
384,20261126,1
384,20261127,1
384,20261128,1
384,20261129,1
384,20261130,1
384,20261201,1
384,20261202,1
384,20261203,1
384,20261204,1
384,20261205,1
384,20261206,1
384,20261207,1
384,20261208,1
384,20261209,1
384,20261210,1
384,20261211,1
384,20261212,1
385,20260831,1
385,20260901,1
385,20260902,1
385,20260903,1
385,20260904,1
385,20260907,1
385,20260908,1
385,20260909,1
385,20260910,1
385,20260914,1
385,20260915,1
385,20260916,1
385,20260917,1
385,20260918,1
385,20260921,1
385,20260922,1
385,20260923,1
385,20260924,1
385,20260925,1
385,20261009,1
385,20261012,1
385,20261013,1
385,20261014,1
385,20261015,1
385,20261016,1
385,20261019,1
385,20261020,1
385,20261021,1
385,20261022,1
385,20261023,1
385,20261026,1
385,20261027,1
385,20261028,1
385,20261029,1
385,20261102,1
385,20261103,1
385,20261104,1
385,20261105,1
385,20261106,1
385,20261109,1
385,20261110,1
385,20261111,1
385,20261112,1
385,20261113,1
385,20261116,1
385,20261117,1
385,20261118,1
385,20261119,1
385,20261120,1
385,20261123,1
385,20261124,1
385,20261125,1
385,20261126,1
385,20261127,1
385,20261130,1
385,20261201,1
385,20261202,1
385,20261203,1
385,20261204,1
385,20261207,1
385,20261208,1
385,20261209,1
385,20261210,1
385,20261211,1
386,20260828,1
386,20260831,1
386,20260901,1
386,20260902,1
386,20260903,1
386,20260904,1
386,20260907,1
386,20260908,1
386,20260909,1
386,20260910,1
386,20260911,1
386,20260914,1
386,20260915,1
386,20260916,1
386,20260917,1
386,20260918,1
386,20260921,1
386,20260922,1
386,20260923,1
386,20260924,1
386,20260925,1
386,20260928,1
386,20260929,1
386,20260930,1
386,20261001,1
386,20261002,1
386,20261005,1
386,20261006,1
386,20261007,1
386,20261008,1
386,20261009,1
386,20261012,1
386,20261013,1
386,20261014,1
386,20261015,1
386,20261016,1
386,20261019,1
386,20261020,1
386,20261021,1
386,20261022,1
386,20261023,1
386,20261026,1
386,20261027,1
386,20261028,1
386,20261029,1
386,20261030,1
386,20261102,1
386,20261103,1
386,20261104,1
386,20261105,1
386,20261106,1
386,20261109,1
386,20261110,1
386,20261111,1
386,20261112,1
386,20261113,1
386,20261116,1
386,20261117,1
386,20261119,1
386,20261120,1
386,20261123,1
386,20261124,1
386,20261125,1
386,20261126,1
386,20261127,1
386,20261130,1
386,20261201,1
386,20261202,1
386,20261203,1
386,20261204,1
386,20261207,1
386,20261208,1
386,20261209,1
386,20261210,1
386,20261211,1
387,20260901,1
387,20260902,1
387,20260903,1
387,20260908,1
387,20260909,1
387,20260910,1
387,20261013,1
387,20261014,1
387,20261015,1
387,20261020,1
387,20261021,1
387,20261022,1
387,20261027,1
387,20261028,1
387,20261029,1
387,20261103,1
387,20261104,1
387,20261105,1
387,20261110,1
387,20261111,1
387,20261112,1
387,20261117,1
387,20261118,1
387,20261119,1
387,20261201,1
387,20261202,1
387,20261203,1
387,20261208,1
387,20261209,1
387,20261210,1
388,20260907,1
388,20260908,1
388,20260909,1
388,20260910,1
388,20260911,1
388,20260914,1
388,20260915,1
388,20260916,1
388,20260917,1
388,20260918,1
389,20260831,1
389,20260901,1
389,20260902,1
389,20260903,1
389,20260907,1
389,20260908,1
389,20260909,1
389,20260910,1
389,20260914,1
389,20260915,1
389,20260916,1
389,20260917,1
389,20260921,1
389,20260922,1
389,20260923,1
389,20260924,1
389,20260928,1
389,20260929,1
389,20260930,1
389,20261001,1
389,20261005,1
389,20261006,1
389,20261007,1
389,20261008,1
389,20261012,1
389,20261013,1
389,20261014,1
389,20261015,1
389,20261019,1
389,20261020,1
389,20261021,1
389,20261022,1
389,20261026,1
389,20261027,1
389,20261028,1
389,20261029,1
389,20261030,1
389,20261102,1
389,20261103,1
389,20261104,1
389,20261105,1
389,20261109,1
389,20261110,1
389,20261111,1
389,20261112,1
389,20261116,1
389,20261117,1
389,20261118,1
389,20261119,1
389,20261123,1
389,20261124,1
389,20261125,1
389,20261126,1
389,20261130,1
389,20261201,1
389,20261202,1
389,20261203,1
389,20261207,1
389,20261208,1
389,20261209,1
389,20261210,1
390,20260928,1
390,20260929,1
390,20260930,1
390,20261001,1
390,20261002,1
390,20261003,1
390,20261005,1
390,20261006,1
390,20261007,1
390,20261008,1
390,20261009,1
391,20260928,1
391,20260929,1
391,20260930,1
391,20261001,1
391,20261002,1
391,20261005,1
391,20261006,1
391,20261007,1
391,20261008,1
391,20261009,1
392,20260929,1
392,20260930,1
392,20261001,1
392,20261002,1
392,20261006,1
392,20261007,1
392,20261008,1
392,20261009,1
392,20261102,1
393,20260831,1
393,20260907,1
393,20260928,1
393,20261005,1
393,20261012,1
393,20261019,1
393,20261026,1
393,20261109,1
393,20261116,1
393,20261123,1
393,20261130,1
393,20261207,1
394,20260831,1
394,20260907,1
394,20261012,1
394,20261019,1
394,20261026,1
394,20261102,1
394,20261109,1
394,20261116,1
394,20261123,1
394,20261130,1
394,20261207,1
395,20261118,1
396,20260831,1
396,20260901,1
396,20260902,1
396,20260903,1
396,20260904,1
396,20260907,1
396,20260908,1
396,20260909,1
396,20260910,1
396,20260911,1
396,20260914,1
396,20260915,1
396,20260916,1
396,20260917,1
396,20260918,1
396,20260921,1
396,20260923,1
396,20260924,1
396,20260925,1
397,20261011,1
397,20261025,1
397,20261027,1
397,20261028,1
397,20261029,1
398,20260831,1
398,20260907,1
398,20261012,1
398,20261019,1
398,20261026,1
398,20261102,1
398,20261109,1
398,20261116,1
398,20261130,1
398,20261207,1
399,20260922,1
399,20261007,1
400,20261012,1
400,20261013,1
400,20261014,1
400,20261015,1
400,20261026,1
400,20261027,1
400,20261028,1
400,20261029,1
401,20260828,1
401,20260904,1
401,20260911,1
401,20260918,1
401,20260925,1
401,20261002,1
401,20261009,1
401,20261016,1
401,20261023,1
401,20261106,1
401,20261113,1
401,20261120,1
401,20261127,1
401,20261204,1
401,20261211,1
402,20261006,1
402,20261007,1
402,20261008,1
403,20260914,1
403,20260921,1
404,20260831,1
404,20260901,1
404,20260902,1
404,20260903,1
404,20260904,1
404,20260907,1
404,20260908,1
404,20260909,1
404,20260910,1
404,20260911,1
404,20260914,1
404,20260915,1
404,20260916,1
404,20260917,1
404,20260918,1
404,20260921,1
404,20260923,1
404,20260924,1
404,20260925,1
404,20260928,1
404,20260929,1
404,20260930,1
404,20261001,1
404,20261002,1
404,20261005,1
404,20261006,1
404,20261008,1
404,20261009,1
404,20261012,1
404,20261013,1
404,20261014,1
404,20261015,1
404,20261016,1
404,20261019,1
404,20261020,1
404,20261021,1
404,20261022,1
404,20261023,1
404,20261026,1
404,20261027,1
404,20261028,1
404,20261029,1
404,20261030,1
404,20261102,1
404,20261103,1
404,20261104,1
404,20261105,1
404,20261106,1
404,20261109,1
404,20261110,1
404,20261111,1
404,20261112,1
404,20261113,1
404,20261116,1
404,20261117,1
404,20261118,1
404,20261119,1
404,20261120,1
404,20261123,1
404,20261124,1
404,20261125,1
404,20261126,1
404,20261127,1
404,20261130,1
404,20261201,1
404,20261202,1
404,20261203,1
404,20261204,1
404,20261207,1
404,20261208,1
404,20261209,1
404,20261210,1
404,20261211,1
405,20260928,1
405,20260929,1
405,20260930,1
405,20261001,1
405,20261002,1
405,20261005,1
405,20261006,1
405,20261008,1
405,20261009,1
405,20261012,1
405,20261013,1
405,20261014,1
405,20261015,1
405,20261016,1
405,20261019,1
405,20261020,1
405,20261021,1
405,20261022,1
405,20261023,1
405,20261026,1
405,20261027,1
405,20261028,1
405,20261029,1
405,20261030,1
405,20261102,1
405,20261103,1
405,20261104,1
405,20261105,1
405,20261106,1
405,20261109,1
405,20261110,1
405,20261111,1
405,20261112,1
405,20261113,1
405,20261116,1
405,20261117,1
405,20261118,1
405,20261119,1
405,20261120,1
405,20261123,1
405,20261124,1
405,20261125,1
405,20261126,1
405,20261127,1
405,20261130,1
405,20261201,1
405,20261202,1
405,20261203,1
405,20261204,1
405,20261207,1
405,20261208,1
405,20261209,1
405,20261210,1
405,20261211,1
406,20260922,1
407,20261007,1
408,20261011,1
408,20261025,1
409,20260906,1
409,20260907,1
409,20260908,1
409,20260909,1
409,20260910,1
409,20260913,1
409,20260914,1
409,20260915,1
409,20260916,1
409,20260917,1
409,20260920,1
409,20260921,1
409,20260922,1
409,20260923,1
409,20260924,1
409,20260927,1
409,20260928,1
409,20260929,1
409,20260930,1
409,20261001,1
409,20261004,1
409,20261005,1
409,20261006,1
409,20261007,1
409,20261008,1
409,20261011,1
409,20261012,1
409,20261013,1
409,20261014,1
409,20261015,1
409,20261025,1
409,20261026,1
409,20261027,1
409,20261028,1
409,20261029,1
409,20261101,1
409,20261102,1
409,20261103,1
409,20261104,1
409,20261105,1
409,20261108,1
409,20261109,1
409,20261110,1
409,20261111,1
409,20261112,1
409,20261115,1
409,20261116,1
409,20261117,1
409,20261118,1
409,20261119,1
409,20261122,1
409,20261123,1
409,20261124,1
409,20261125,1
409,20261126,1
409,20261129,1
409,20261130,1
409,20261201,1
409,20261202,1
409,20261203,1
409,20261206,1
409,20261207,1
409,20261208,1
409,20261209,1
409,20261210,1
410,20260905,1
410,20260919,1
410,20261003,1
410,20261031,1
410,20261114,1
410,20261128,1
410,20261212,1
411,20260828,1
411,20260904,1
411,20260911,1
411,20260918,1
411,20260925,1
411,20261002,1
411,20261016,1
411,20261023,1
411,20261030,1
411,20261113,1
411,20261120,1
411,20261127,1
411,20261204,1
411,20261211,1
412,20260829,1
412,20260830,1
412,20260905,1
412,20260906,1
412,20260912,1
412,20260913,1
412,20260919,1
412,20260920,1
412,20260926,1
412,20260927,1
412,20261003,1
412,20261004,1
412,20261010,1
412,20261011,1
412,20261017,1
412,20261018,1
412,20261024,1
412,20261025,1
412,20261031,1
412,20261101,1
412,20261114,1
412,20261115,1
412,20261121,1
412,20261122,1
412,20261128,1
412,20261129,1
412,20261205,1
412,20261206,1
412,20261212,1
413,20260829,1
413,20260830,1
413,20260905,1
413,20260906,1
413,20260912,1
413,20260913,1
413,20260919,1
413,20260920,1
413,20260926,1
413,20260927,1
413,20261003,1
413,20261004,1
413,20261010,1
413,20261011,1
413,20261017,1
413,20261018,1
413,20261024,1
413,20261025,1
413,20261031,1
413,20261101,1
413,20261108,1
413,20261114,1
413,20261115,1
413,20261121,1
413,20261122,1
413,20261128,1
413,20261129,1
413,20261205,1
413,20261206,1
413,20261212,1
414,20260906,1
414,20260920,1
414,20261004,1
414,20261101,1
414,20261115,1
414,20261129,1
415,20260828,1
415,20260830,1
415,20260831,1
415,20260901,1
415,20260902,1
415,20260903,1
415,20260904,1
415,20260906,1
415,20260907,1
415,20260908,1
415,20260909,1
415,20260910,1
415,20260911,1
415,20260913,1
415,20260914,1
415,20260915,1
415,20260916,1
415,20260917,1
415,20260918,1
415,20260920,1
415,20260921,1
415,20260922,1
415,20260923,1
415,20260924,1
415,20260925,1
415,20260927,1
415,20260928,1
415,20260929,1
415,20260930,1
415,20261001,1
415,20261002,1
415,20261004,1
415,20261005,1
415,20261006,1
415,20261007,1
415,20261008,1
415,20261009,1
415,20261011,1
415,20261012,1
415,20261013,1
415,20261014,1
415,20261015,1
415,20261016,1
415,20261018,1
415,20261019,1
415,20261020,1
415,20261021,1
415,20261022,1
415,20261023,1
415,20261025,1
415,20261026,1
415,20261027,1
415,20261028,1
415,20261029,1
415,20261030,1
415,20261101,1
415,20261102,1
415,20261103,1
415,20261104,1
415,20261105,1
415,20261106,1
415,20261109,1
415,20261110,1
415,20261111,1
415,20261112,1
415,20261113,1
415,20261115,1
415,20261116,1
415,20261117,1
415,20261118,1
415,20261119,1
415,20261120,1
415,20261122,1
415,20261123,1
415,20261124,1
415,20261125,1
415,20261126,1
415,20261127,1
415,20261129,1
415,20261130,1
415,20261201,1
415,20261202,1
415,20261203,1
415,20261204,1
415,20261206,1
415,20261207,1
415,20261208,1
415,20261209,1
415,20261210,1
415,20261211,1
416,20260828,1
416,20260829,1
416,20260830,1
416,20260831,1
416,20260901,1
416,20260902,1
416,20260903,1
416,20260904,1
416,20260905,1
416,20260906,1
416,20260907,1
416,20260908,1
416,20260909,1
416,20260910,1
416,20260911,1
416,20260912,1
416,20260913,1
416,20260914,1
416,20260915,1
416,20260916,1
416,20260917,1
416,20260918,1
416,20260919,1
416,20260920,1
416,20260921,1
416,20260922,1
416,20260923,1
416,20260924,1
416,20260925,1
416,20260926,1
416,20260927,1
416,20260928,1
416,20260929,1
416,20260930,1
416,20261001,1
416,20261002,1
416,20261003,1
416,20261004,1
416,20261005,1
416,20261006,1
416,20261007,1
416,20261008,1
416,20261009,1
416,20261010,1
416,20261011,1
416,20261012,1
416,20261013,1
416,20261014,1
416,20261015,1
416,20261016,1
416,20261017,1
416,20261018,1
416,20261019,1
416,20261020,1
416,20261021,1
416,20261022,1
416,20261023,1
416,20261024,1
416,20261025,1
416,20261026,1
416,20261027,1
416,20261028,1
416,20261029,1
416,20261030,1
416,20261031,1
416,20261101,1
416,20261102,1
416,20261103,1
416,20261104,1
416,20261105,1
416,20261106,1
416,20261108,1
416,20261109,1
416,20261110,1
416,20261111,1
416,20261112,1
416,20261113,1
416,20261114,1
416,20261115,1
416,20261116,1
416,20261117,1
416,20261118,1
416,20261119,1
416,20261120,1
416,20261121,1
416,20261122,1
416,20261123,1
416,20261124,1
416,20261125,1
416,20261126,1
416,20261127,1
416,20261128,1
416,20261129,1
416,20261130,1
416,20261201,1
416,20261202,1
416,20261203,1
416,20261204,1
416,20261205,1
416,20261206,1
416,20261207,1
416,20261208,1
416,20261209,1
416,20261210,1
416,20261211,1
416,20261212,1
417,20260828,1
417,20260830,1
417,20260906,1
417,20260913,1
417,20260920,1
417,20260927,1
417,20261002,1
417,20261004,1
417,20261009,1
417,20261011,1
417,20261016,1
417,20261018,1
417,20261023,1
417,20261025,1
417,20261030,1
417,20261101,1
417,20261106,1
417,20261108,1
417,20261113,1
417,20261115,1
417,20261120,1
417,20261122,1
417,20261127,1
417,20261129,1
417,20261204,1
417,20261206,1
417,20261211,1
418,20260828,1
418,20260829,1
418,20260830,1
418,20260831,1
418,20260901,1
418,20260902,1
418,20260903,1
418,20260904,1
418,20260905,1
418,20260906,1
418,20260907,1
418,20260908,1
418,20260909,1
418,20260910,1
418,20260911,1
418,20260912,1
418,20260913,1
418,20260914,1
418,20260915,1
418,20260916,1
418,20260917,1
418,20260918,1
418,20260919,1
418,20260920,1
418,20260921,1
418,20260922,1
418,20260923,1
418,20260924,1
418,20260925,1
418,20260926,1
418,20260927,1
418,20260928,1
418,20260929,1
418,20260930,1
418,20261001,1
418,20261002,1
418,20261003,1
418,20261004,1
418,20261005,1
418,20261006,1
418,20261007,1
418,20261008,1
418,20261009,1
418,20261010,1
418,20261011,1
418,20261012,1
418,20261013,1
418,20261014,1
418,20261015,1
418,20261016,1
418,20261017,1
418,20261018,1
418,20261019,1
418,20261020,1
418,20261021,1
418,20261022,1
418,20261023,1
418,20261024,1
418,20261025,1
418,20261026,1
418,20261027,1
418,20261028,1
418,20261029,1
418,20261030,1
418,20261031,1
418,20261101,1
418,20261102,1
418,20261103,1
418,20261104,1
418,20261105,1
418,20261106,1
418,20261109,1
418,20261110,1
418,20261111,1
418,20261112,1
418,20261113,1
418,20261114,1
418,20261115,1
418,20261116,1
418,20261117,1
418,20261118,1
418,20261119,1
418,20261120,1
418,20261121,1
418,20261122,1
418,20261123,1
418,20261124,1
418,20261125,1
418,20261126,1
418,20261127,1
418,20261128,1
418,20261129,1
418,20261130,1
418,20261201,1
418,20261202,1
418,20261203,1
418,20261204,1
418,20261205,1
418,20261206,1
418,20261207,1
418,20261208,1
418,20261209,1
418,20261210,1
418,20261211,1
418,20261212,1
419,20260828,1
419,20260831,1
419,20260901,1
419,20260902,1
419,20260903,1
419,20260904,1
419,20260907,1
419,20260908,1
419,20260909,1
419,20260910,1
419,20260911,1
419,20260914,1
419,20260915,1
419,20260916,1
419,20260917,1
419,20260918,1
419,20260921,1
419,20260922,1
419,20260923,1
419,20260924,1
419,20260925,1
419,20260928,1
419,20260929,1
419,20260930,1
419,20261001,1
419,20261002,1
419,20261005,1
419,20261006,1
419,20261007,1
419,20261008,1
419,20261009,1
419,20261012,1
419,20261013,1
419,20261014,1
419,20261015,1
419,20261016,1
419,20261019,1
419,20261020,1
419,20261021,1
419,20261022,1
419,20261023,1
419,20261026,1
419,20261027,1
419,20261028,1
419,20261029,1
419,20261030,1
419,20261102,1
419,20261103,1
419,20261104,1
419,20261105,1
419,20261109,1
419,20261110,1
419,20261111,1
419,20261112,1
419,20261113,1
419,20261116,1
419,20261117,1
419,20261118,1
419,20261119,1
419,20261120,1
419,20261123,1
419,20261124,1
419,20261125,1
419,20261126,1
419,20261127,1
419,20261130,1
419,20261201,1
419,20261202,1
419,20261203,1
419,20261204,1
419,20261207,1
419,20261208,1
419,20261209,1
419,20261210,1
419,20261211,1
420,20260828,1
420,20260907,1
420,20260908,1
420,20260909,1
420,20260910,1
420,20260911,1
420,20260914,1
420,20260915,1
420,20260916,1
420,20260917,1
420,20260918,1
420,20260921,1
420,20260922,1
420,20260923,1
420,20260924,1
420,20260925,1
420,20260928,1
420,20260929,1
420,20260930,1
420,20261001,1
420,20261002,1
420,20261005,1
420,20261006,1
420,20261007,1
420,20261008,1
420,20261009,1
420,20261012,1
420,20261013,1
420,20261014,1
420,20261015,1
420,20261016,1
420,20261019,1
420,20261026,1
420,20261027,1
420,20261028,1
420,20261029,1
420,20261030,1
420,20261102,1
420,20261103,1
420,20261104,1
420,20261105,1
420,20261106,1
420,20261109,1
420,20261110,1
420,20261111,1
420,20261112,1
420,20261113,1
420,20261116,1
420,20261117,1
420,20261118,1
420,20261119,1
420,20261120,1
420,20261123,1
420,20261124,1
420,20261125,1
420,20261126,1
420,20261127,1
420,20261130,1
420,20261201,1
420,20261202,1
420,20261203,1
420,20261204,1
420,20261207,1
420,20261208,1
420,20261209,1
420,20261210,1
420,20261211,1
421,20260829,1
421,20260830,1
421,20260905,1
421,20260906,1
421,20260912,1
421,20260913,1
421,20260919,1
421,20260920,1
421,20260926,1
421,20260927,1
421,20261003,1
421,20261004,1
421,20261010,1
421,20261011,1
421,20261018,1
421,20261024,1
421,20261025,1
421,20261031,1
421,20261101,1
421,20261108,1
421,20261114,1
421,20261115,1
421,20261121,1
421,20261122,1
421,20261128,1
421,20261129,1
421,20261205,1
421,20261206,1
421,20261212,1
422,20260829,1
422,20260905,1
422,20260912,1
422,20260919,1
422,20260926,1
422,20261003,1
422,20261017,1
422,20261024,1
422,20261031,1
422,20261114,1
422,20261121,1
422,20261128,1
422,20261205,1
422,20261212,1
423,20260829,1
423,20260905,1
423,20260912,1
423,20260919,1
423,20260926,1
423,20260928,1
423,20260929,1
423,20260930,1
423,20261001,1
423,20261003,1
423,20261005,1
423,20261006,1
423,20261007,1
423,20261008,1
423,20261010,1
423,20261012,1
423,20261013,1
423,20261014,1
423,20261015,1
423,20261017,1
423,20261019,1
423,20261020,1
423,20261021,1
423,20261022,1
423,20261024,1
423,20261026,1
423,20261027,1
423,20261028,1
423,20261029,1
423,20261031,1
423,20261102,1
423,20261103,1
423,20261104,1
423,20261105,1
423,20261109,1
423,20261110,1
423,20261111,1
423,20261112,1
423,20261114,1
423,20261116,1
423,20261117,1
423,20261118,1
423,20261119,1
423,20261121,1
423,20261123,1
423,20261124,1
423,20261125,1
423,20261126,1
423,20261128,1
423,20261130,1
423,20261201,1
423,20261202,1
423,20261203,1
423,20261205,1
423,20261207,1
423,20261208,1
423,20261209,1
423,20261210,1
423,20261212,1
424,20260901,1
424,20260902,1
424,20260903,1
424,20260904,1
424,20261020,1
424,20261021,1
424,20261022,1
424,20261023,1
425,20261010,1
426,20260829,1
426,20260830,1
426,20260905,1
426,20260906,1
426,20260907,1
426,20260908,1
426,20260909,1
426,20260910,1
426,20260912,1
426,20260913,1
426,20260914,1
426,20260915,1
426,20260916,1
426,20260917,1
426,20260919,1
426,20260920,1
426,20260921,1
426,20260922,1
426,20260923,1
426,20260924,1
426,20260926,1
426,20260927,1
426,20260928,1
426,20260929,1
426,20260930,1
426,20261001,1
426,20261003,1
426,20261004,1
426,20261005,1
426,20261006,1
426,20261007,1
426,20261008,1
426,20261010,1
426,20261011,1
426,20261012,1
426,20261013,1
426,20261014,1
426,20261015,1
426,20261018,1
426,20261019,1
426,20261020,1
426,20261021,1
426,20261022,1
426,20261024,1
426,20261025,1
426,20261026,1
426,20261027,1
426,20261028,1
426,20261029,1
426,20261031,1
426,20261101,1
426,20261102,1
426,20261103,1
426,20261104,1
426,20261105,1
426,20261108,1
426,20261109,1
426,20261110,1
426,20261111,1
426,20261112,1
426,20261114,1
426,20261115,1
426,20261116,1
426,20261117,1
426,20261118,1
426,20261119,1
426,20261121,1
426,20261122,1
426,20261123,1
426,20261124,1
426,20261125,1
426,20261126,1
426,20261128,1
426,20261129,1
426,20261130,1
426,20261201,1
426,20261202,1
426,20261203,1
426,20261205,1
426,20261206,1
426,20261207,1
426,20261208,1
426,20261209,1
426,20261210,1
426,20261212,1
427,20260828,1
427,20260907,1
427,20260908,1
427,20260909,1
427,20260910,1
427,20260911,1
427,20260914,1
427,20260915,1
427,20260916,1
427,20260917,1
427,20260918,1
427,20260921,1
427,20260922,1
427,20260923,1
427,20260924,1
427,20260925,1
427,20260928,1
427,20260929,1
427,20260930,1
427,20261001,1
427,20261002,1
427,20261005,1
427,20261006,1
427,20261007,1
427,20261008,1
427,20261009,1
427,20261012,1
427,20261013,1
427,20261014,1
427,20261015,1
427,20261016,1
427,20261026,1
427,20261102,1
427,20261103,1
427,20261104,1
427,20261105,1
427,20261106,1
427,20261109,1
427,20261110,1
427,20261111,1
427,20261112,1
427,20261113,1
427,20261116,1
427,20261117,1
427,20261118,1
427,20261119,1
427,20261120,1
427,20261123,1
427,20261124,1
427,20261125,1
427,20261126,1
427,20261127,1
427,20261130,1
427,20261201,1
427,20261202,1
427,20261203,1
427,20261204,1
427,20261207,1
427,20261208,1
427,20261209,1
427,20261210,1
427,20261211,1
428,20260906,1
428,20260913,1
428,20260920,1
428,20260927,1
428,20261004,1
428,20261011,1
428,20261025,1
428,20261101,1
428,20261108,1
428,20261115,1
428,20261122,1
428,20261129,1
428,20261206,1
429,20260907,1
429,20260908,1
429,20260909,1
429,20260910,1
429,20260914,1
429,20260915,1
429,20260916,1
429,20260917,1
429,20260921,1
429,20260922,1
429,20260923,1
429,20260924,1
429,20260928,1
429,20260929,1
429,20260930,1
429,20261001,1
429,20261005,1
429,20261006,1
429,20261007,1
429,20261008,1
429,20261012,1
429,20261013,1
429,20261014,1
429,20261015,1
429,20261026,1
429,20261027,1
429,20261028,1
429,20261029,1
429,20261102,1
429,20261103,1
429,20261104,1
429,20261105,1
429,20261109,1
429,20261110,1
429,20261111,1
429,20261112,1
429,20261116,1
429,20261117,1
429,20261118,1
429,20261119,1
429,20261123,1
429,20261124,1
429,20261125,1
429,20261126,1
429,20261130,1
429,20261201,1
429,20261202,1
429,20261203,1
429,20261207,1
429,20261208,1
429,20261209,1
429,20261210,1
430,20260829,1
430,20260830,1
430,20261003,1
430,20261004,1
430,20261010,1
430,20261011,1
430,20261017,1
430,20261018,1
430,20261024,1
430,20261025,1
430,20261031,1
430,20261101,1
430,20261108,1
430,20261114,1
430,20261115,1
430,20261121,1
430,20261122,1
430,20261128,1
430,20261129,1
430,20261205,1
430,20261206,1
430,20261212,1
431,20260829,1
431,20260831,1
431,20260901,1
431,20260902,1
431,20260903,1
431,20260905,1
431,20260907,1
431,20260908,1
431,20260909,1
431,20260910,1
431,20260912,1
431,20260914,1
431,20260915,1
431,20260916,1
431,20260917,1
431,20260919,1
431,20260921,1
431,20260922,1
431,20260923,1
431,20260924,1
431,20260926,1
431,20260928,1
431,20260929,1
431,20260930,1
431,20261001,1
431,20261003,1
431,20261005,1
431,20261006,1
431,20261007,1
431,20261008,1
431,20261010,1
431,20261012,1
431,20261013,1
431,20261014,1
431,20261015,1
431,20261017,1
431,20261019,1
431,20261020,1
431,20261021,1
431,20261022,1
431,20261024,1
431,20261026,1
431,20261027,1
431,20261028,1
431,20261029,1
431,20261031,1
431,20261102,1
431,20261103,1
431,20261104,1
431,20261105,1
431,20261109,1
431,20261110,1
431,20261111,1
431,20261112,1
431,20261114,1
431,20261116,1
431,20261117,1
431,20261118,1
431,20261119,1
431,20261121,1
431,20261123,1
431,20261124,1
431,20261125,1
431,20261126,1
431,20261128,1
431,20261130,1
431,20261201,1
431,20261202,1
431,20261203,1
431,20261205,1
431,20261207,1
431,20261208,1
431,20261209,1
431,20261210,1
431,20261212,1
432,20260828,1
432,20260911,1
432,20260925,1
432,20261023,1
433,20261027,1
433,20261028,1
433,20261029,1
433,20261030,1
434,20260905,1
434,20260906,1
434,20260912,1
434,20260913,1
434,20260919,1
434,20260920,1
434,20260926,1
434,20260927,1
435,20260904,1
435,20260918,1
435,20261002,1
435,20261016,1
435,20261030,1
435,20261113,1
435,20261120,1
435,20261127,1
435,20261204,1
435,20261211,1
436,20260829,1
436,20260830,1
436,20260905,1
436,20260912,1
436,20260913,1
436,20260919,1
436,20260920,1
436,20260926,1
436,20260927,1
436,20261003,1
436,20261004,1
436,20261010,1
436,20261011,1
436,20261017,1
436,20261018,1
436,20261024,1
436,20261025,1
436,20261031,1
436,20261101,1
436,20261107,1
436,20261108,1
436,20261114,1
436,20261115,1
436,20261121,1
436,20261122,1
436,20261128,1
436,20261129,1
436,20261205,1
436,20261206,1
436,20261212,1
437,20260830,1
437,20261003,1
437,20261004,1
437,20261010,1
437,20261011,1
437,20261017,1
437,20261018,1
437,20261024,1
437,20261025,1
437,20261031,1
437,20261101,1
437,20261107,1
437,20261108,1
437,20261114,1
437,20261115,1
437,20261121,1
437,20261122,1
437,20261128,1
437,20261129,1
437,20261205,1
437,20261206,1
437,20261212,1
438,20260905,1
438,20260912,1
438,20260913,1
438,20260919,1
438,20260920,1
438,20260926,1
438,20260927,1
438,20261003,1
438,20261004,1
438,20261010,1
438,20261011,1
438,20261017,1
438,20261018,1
438,20261024,1
438,20261025,1
438,20261031,1
438,20261101,1
438,20261107,1
438,20261108,1
438,20261114,1
438,20261115,1
438,20261121,1
438,20261122,1
438,20261128,1
438,20261129,1
438,20261205,1
438,20261206,1
438,20261212,1
439,20260905,1
439,20260912,1
439,20260913,1
439,20260919,1
439,20260920,1
439,20260926,1
439,20260927,1
440,20260830,1
440,20260905,1
440,20260912,1
440,20260913,1
440,20260919,1
440,20260920,1
440,20260926,1
440,20260927,1
440,20261003,1
440,20261004,1
440,20261010,1
440,20261011,1
440,20261017,1
440,20261018,1
440,20261024,1
440,20261025,1
440,20261031,1
440,20261101,1
440,20261107,1
440,20261108,1
440,20261114,1
440,20261115,1
440,20261121,1
440,20261122,1
440,20261128,1
440,20261129,1
440,20261205,1
440,20261206,1
440,20261212,1
441,20260830,1
441,20260905,1
441,20260912,1
441,20260913,1
441,20260926,1
441,20260927,1
441,20261010,1
441,20261011,1
441,20261017,1
441,20261018,1
441,20261024,1
441,20261025,1
441,20261031,1
441,20261101,1
441,20261107,1
441,20261108,1
441,20261114,1
441,20261115,1
441,20261121,1
441,20261122,1
441,20261128,1
441,20261129,1
441,20261205,1
441,20261206,1
441,20261212,1
442,20260919,1
442,20260920,1
442,20261003,1
442,20261004,1
443,20260912,1
443,20260913,1
443,20260926,1
443,20260927,1
443,20261010,1
443,20261011,1
443,20261017,1
443,20261018,1
443,20261024,1
443,20261025,1
443,20261031,1
443,20261101,1
443,20261107,1
443,20261108,1
443,20261114,1
443,20261115,1
443,20261121,1
443,20261122,1
443,20261128,1
443,20261129,1
443,20261205,1
443,20261206,1
443,20261212,1
444,20260830,1
444,20260912,1
444,20260913,1
444,20260919,1
444,20260920,1
444,20260926,1
444,20260927,1
444,20261003,1
444,20261004,1
444,20261010,1
444,20261011,1
444,20261017,1
444,20261018,1
444,20261024,1
444,20261025,1
444,20261031,1
444,20261101,1
444,20261107,1
444,20261108,1
444,20261114,1
444,20261115,1
444,20261121,1
444,20261122,1
444,20261128,1
444,20261129,1
444,20261205,1
444,20261206,1
444,20261212,1
445,20260830,1
445,20260905,1
445,20260912,1
445,20260913,1
445,20260926,1
445,20260927,1
445,20261003,1
445,20261004,1
445,20261010,1
445,20261011,1
445,20261017,1
445,20261018,1
445,20261024,1
445,20261025,1
445,20261031,1
445,20261101,1
445,20261107,1
445,20261108,1
445,20261114,1
445,20261115,1
445,20261121,1
445,20261122,1
445,20261128,1
445,20261129,1
445,20261205,1
445,20261206,1
445,20261212,1
446,20260905,1
446,20260912,1
446,20260926,1
446,20261003,1
446,20261010,1
446,20261017,1
446,20261024,1
446,20261031,1
446,20261107,1
446,20261114,1
446,20261121,1
446,20261128,1
446,20261205,1
446,20261212,1
447,20260919,1
447,20260920,1
448,20260919,1
449,20260829,1
449,20260912,1
449,20260913,1
449,20260919,1
449,20260920,1
449,20260926,1
449,20260927,1
449,20261003,1
449,20261004,1
449,20261010,1
449,20261011,1
449,20261017,1
449,20261018,1
449,20261024,1
449,20261025,1
449,20261031,1
449,20261101,1
449,20261107,1
449,20261108,1
449,20261114,1
449,20261115,1
449,20261121,1
449,20261122,1
449,20261128,1
449,20261129,1
449,20261205,1
449,20261206,1
449,20261212,1
450,20260912,1
450,20260913,1
450,20260919,1
450,20260920,1
450,20260926,1
450,20260927,1
450,20261003,1
450,20261004,1
450,20261010,1
450,20261011,1
450,20261017,1
450,20261018,1
450,20261024,1
450,20261025,1
450,20261031,1
450,20261101,1
450,20261107,1
450,20261108,1
450,20261114,1
450,20261115,1
450,20261121,1
450,20261122,1
450,20261128,1
450,20261129,1
450,20261205,1
450,20261206,1
450,20261212,1
451,20260829,1
451,20260830,1
451,20260905,1
451,20260906,1
451,20260912,1
451,20260913,1
451,20260919,1
451,20260920,1
451,20260926,1
451,20260927,1
451,20261003,1
451,20261004,1
451,20261010,1
451,20261011,1
451,20261017,1
451,20261018,1
451,20261024,1
451,20261025,1
451,20261101,1
451,20261107,1
451,20261108,1
451,20261114,1
451,20261115,1
451,20261121,1
451,20261122,1
451,20261128,1
451,20261129,1
451,20261205,1
451,20261206,1
451,20261212,1
452,20260830,1
452,20260905,1
452,20260906,1
452,20260912,1
452,20260913,1
452,20260919,1
452,20260920,1
452,20260926,1
452,20260927,1
452,20261003,1
452,20261004,1
452,20261010,1
452,20261011,1
452,20261017,1
452,20261018,1
452,20261024,1
452,20261025,1
452,20261031,1
452,20261101,1
452,20261107,1
452,20261108,1
452,20261114,1
452,20261115,1
452,20261121,1
452,20261122,1
452,20261128,1
452,20261129,1
452,20261205,1
452,20261206,1
452,20261212,1
453,20260829,1
453,20260905,1
453,20260912,1
453,20260919,1
454,20260903,1
454,20260904,1
454,20260910,1
454,20260911,1
454,20260917,1
454,20260918,1
454,20260924,1
454,20260925,1
455,20260829,1
455,20260830,1
455,20260905,1
455,20260906,1
455,20260912,1
455,20260913,1
455,20260919,1
455,20260920,1
456,20260830,1
456,20260906,1
456,20260913,1
456,20260920,1
457,20260828,1
457,20261002,1
457,20261009,1
457,20261016,1
457,20261023,1
457,20261030,1
457,20261106,1
457,20261113,1
457,20261120,1
457,20261127,1
457,20261204,1
457,20261211,1
458,20260906,1
458,20260913,1
458,20260920,1
458,20260927,1
459,20260828,1
459,20260831,1
459,20260901,1
459,20260902,1
459,20260903,1
459,20260904,1
459,20260907,1
459,20260908,1
459,20260909,1
459,20260910,1
459,20260911,1
459,20260914,1
459,20260915,1
459,20260916,1
459,20260917,1
459,20260918,1
459,20260921,1
459,20260922,1
459,20260923,1
459,20260924,1
459,20260925,1
459,20260928,1
459,20260929,1
459,20260930,1
459,20261001,1
459,20261002,1
459,20261005,1
459,20261006,1
459,20261007,1
459,20261008,1
459,20261009,1
459,20261012,1
459,20261013,1
459,20261014,1
459,20261015,1
459,20261016,1
459,20261019,1
459,20261020,1
459,20261021,1
459,20261022,1
459,20261023,1
459,20261102,1
459,20261103,1
459,20261104,1
459,20261105,1
459,20261106,1
459,20261109,1
459,20261110,1
459,20261111,1
459,20261112,1
459,20261113,1
459,20261116,1
459,20261117,1
459,20261118,1
459,20261119,1
459,20261120,1
459,20261123,1
459,20261124,1
459,20261125,1
459,20261126,1
459,20261127,1
459,20261130,1
459,20261201,1
459,20261202,1
459,20261203,1
459,20261204,1
459,20261207,1
459,20261208,1
459,20261209,1
459,20261210,1
459,20261211,1
460,20261029,1
461,20261026,1
461,20261027,1
461,20261028,1
461,20261030,1
462,20260828,1
462,20260831,1
462,20260901,1
462,20260902,1
462,20260903,1
462,20260904,1
462,20260907,1
462,20260908,1
462,20260909,1
462,20260910,1
462,20260911,1
462,20260914,1
462,20260915,1
462,20260916,1
462,20260917,1
462,20260918,1
462,20260921,1
462,20260922,1
462,20260923,1
462,20260924,1
462,20260925,1
462,20260928,1
462,20260929,1
462,20260930,1
462,20261001,1
462,20261002,1
462,20261005,1
462,20261006,1
462,20261007,1
462,20261008,1
462,20261009,1
462,20261012,1
462,20261013,1
462,20261014,1
462,20261015,1
462,20261016,1
462,20261019,1
462,20261020,1
462,20261021,1
462,20261022,1
462,20261023,1
462,20261026,1
462,20261027,1
462,20261028,1
462,20261030,1
462,20261102,1
462,20261103,1
462,20261104,1
462,20261105,1
462,20261106,1
462,20261109,1
462,20261110,1
462,20261111,1
462,20261112,1
462,20261113,1
462,20261116,1
462,20261117,1
462,20261118,1
462,20261119,1
462,20261120,1
462,20261123,1
462,20261124,1
462,20261125,1
462,20261126,1
462,20261127,1
462,20261130,1
462,20261201,1
462,20261202,1
462,20261203,1
462,20261204,1
462,20261207,1
462,20261208,1
462,20261209,1
462,20261210,1
462,20261211,1
463,20261026,1
463,20261027,1
463,20261028,1
463,20261029,1
463,20261030,1
463,20261102,1
463,20261103,1
463,20261104,1
463,20261105,1
463,20261106,1
463,20261109,1
463,20261110,1
463,20261111,1
463,20261112,1
463,20261113,1
463,20261116,1
463,20261117,1
463,20261118,1
463,20261119,1
463,20261120,1
463,20261123,1
463,20261124,1
463,20261125,1
463,20261126,1
463,20261127,1
463,20261130,1
463,20261201,1
463,20261202,1
463,20261203,1
463,20261204,1
463,20261207,1
463,20261208,1
463,20261209,1
463,20261210,1
463,20261211,1
464,20260828,1
464,20260831,1
464,20260901,1
464,20260902,1
464,20260903,1
464,20260904,1
464,20260907,1
464,20260908,1
464,20260909,1
464,20260910,1
464,20260911,1
464,20260914,1
464,20260915,1
464,20260916,1
464,20260917,1
464,20260918,1
464,20260921,1
464,20260922,1
464,20260923,1
464,20260924,1
464,20260925,1
464,20260928,1
464,20260929,1
464,20260930,1
464,20261001,1
464,20261002,1
464,20261005,1
464,20261006,1
464,20261007,1
464,20261008,1
464,20261009,1
464,20261012,1
464,20261013,1
464,20261014,1
464,20261015,1
464,20261016,1
464,20261019,1
464,20261020,1
464,20261021,1
464,20261022,1
464,20261023,1
465,20261031,1
465,20261107,1
465,20261114,1
465,20261121,1
465,20261128,1
465,20261205,1
465,20261212,1
466,20261031,1
466,20261101,1
466,20261107,1
466,20261108,1
466,20261114,1
466,20261115,1
466,20261121,1
466,20261122,1
466,20261128,1
466,20261129,1
466,20261205,1
466,20261206,1
466,20261212,1
467,20261030,1
467,20261106,1
467,20261113,1
467,20261120,1
467,20261127,1
467,20261204,1
467,20261211,1
468,20260829,1
468,20260830,1
468,20260905,1
468,20260906,1
468,20260912,1
468,20260913,1
468,20260919,1
468,20260920,1
468,20260926,1
468,20260927,1
468,20261003,1
468,20261004,1
468,20261010,1
468,20261011,1
468,20261017,1
468,20261018,1
468,20261024,1
468,20261025,1
469,20260829,1
469,20260905,1
469,20260912,1
469,20260919,1
469,20260926,1
469,20261003,1
469,20261010,1
469,20261017,1
469,20261024,1
470,20260828,1
470,20260904,1
470,20260911,1
470,20260918,1
470,20260925,1
470,20261002,1
470,20261009,1
470,20261016,1
470,20261023,1
471,20261106,1
471,20261113,1
471,20261120,1
471,20261127,1
471,20261204,1
471,20261211,1
472,20261107,1
472,20261114,1
472,20261121,1
472,20261128,1
472,20261205,1
472,20261212,1
473,20261031,1
473,20261101,1
473,20261108,1
473,20261115,1
473,20261122,1
473,20261129,1
473,20261206,1
474,20261101,1
474,20261108,1
474,20261115,1
474,20261122,1
474,20261129,1
474,20261206,1
475,20260830,1
475,20260906,1
475,20260913,1
475,20260920,1
475,20260927,1
475,20261004,1
475,20261011,1
475,20261018,1
475,20261025,1
476,20261026,1
476,20261027,1
476,20261028,1
476,20261029,1
476,20261102,1
476,20261103,1
476,20261104,1
476,20261105,1
476,20261106,1
476,20261109,1
476,20261110,1
476,20261111,1
476,20261112,1
476,20261113,1
476,20261116,1
476,20261117,1
476,20261118,1
476,20261119,1
476,20261120,1
476,20261123,1
476,20261124,1
476,20261125,1
476,20261126,1
476,20261127,1
476,20261130,1
476,20261201,1
476,20261202,1
476,20261203,1
476,20261204,1
476,20261207,1
476,20261208,1
476,20261209,1
476,20261210,1
476,20261211,1
477,20260828,1
477,20261029,1
477,20261102,1
477,20261103,1
477,20261104,1
477,20261105,1
477,20261106,1
477,20261109,1
477,20261110,1
477,20261111,1
477,20261112,1
477,20261113,1
477,20261116,1
477,20261117,1
477,20261118,1
477,20261119,1
477,20261120,1
477,20261123,1
477,20261124,1
477,20261125,1
477,20261126,1
477,20261127,1
477,20261130,1
477,20261201,1
477,20261202,1
477,20261203,1
477,20261204,1
477,20261207,1
477,20261208,1
477,20261209,1
477,20261210,1
477,20261211,1
478,20260828,1
478,20261106,1
478,20261113,1
478,20261120,1
478,20261127,1
478,20261204,1
478,20261211,1
479,20260829,1
479,20260830,1
479,20261101,1
479,20261107,1
479,20261108,1
479,20261114,1
479,20261115,1
479,20261121,1
479,20261122,1
479,20261128,1
479,20261129,1
479,20261205,1
479,20261206,1
479,20261212,1
480,20260829,1
480,20261107,1
480,20261114,1
480,20261121,1
480,20261128,1
480,20261205,1
480,20261212,1
481,20261026,1
481,20261027,1
481,20261028,1
482,20260831,1
482,20260901,1
482,20260902,1
482,20260903,1
482,20260904,1
482,20260907,1
482,20260908,1
482,20260909,1
482,20260910,1
482,20260911,1
482,20260914,1
482,20260915,1
482,20260916,1
482,20260917,1
482,20260918,1
482,20260921,1
482,20260922,1
482,20260923,1
482,20260924,1
482,20260925,1
482,20260928,1
482,20260929,1
482,20260930,1
482,20261001,1
482,20261002,1
482,20261005,1
482,20261006,1
482,20261007,1
482,20261008,1
482,20261009,1
482,20261012,1
482,20261013,1
482,20261014,1
482,20261015,1
482,20261016,1
482,20261019,1
482,20261020,1
482,20261021,1
482,20261022,1
482,20261023,1
483,20260905,1
483,20260912,1
483,20260919,1
483,20260926,1
483,20261003,1
483,20261010,1
483,20261017,1
483,20261024,1
484,20260905,1
484,20260906,1
484,20260912,1
484,20260913,1
484,20260919,1
484,20260920,1
484,20260926,1
484,20260927,1
484,20261003,1
484,20261004,1
484,20261010,1
484,20261011,1
484,20261017,1
484,20261018,1
484,20261024,1
484,20261025,1
485,20260904,1
485,20260911,1
485,20260918,1
485,20260925,1
485,20261002,1
485,20261009,1
485,20261016,1
485,20261023,1
486,20260828,1
486,20260831,1
486,20260901,1
486,20260902,1
486,20260903,1
486,20260904,1
486,20260907,1
486,20260908,1
486,20260909,1
486,20260910,1
486,20260911,1
486,20260914,1
486,20260915,1
486,20260916,1
486,20260917,1
486,20260918,1
486,20260921,1
486,20260922,1
486,20260923,1
486,20260924,1
486,20260925,1
486,20260928,1
486,20260929,1
486,20260930,1
486,20261001,1
486,20261002,1
486,20261005,1
486,20261006,1
486,20261007,1
486,20261008,1
486,20261009,1
486,20261012,1
486,20261013,1
486,20261014,1
486,20261015,1
486,20261016,1
486,20261019,1
486,20261020,1
486,20261021,1
486,20261022,1
486,20261023,1
486,20261026,1
486,20261027,1
486,20261028,1
486,20261029,1
487,20261030,1
487,20261102,1
487,20261103,1
487,20261104,1
487,20261105,1
487,20261106,1
487,20261109,1
487,20261110,1
487,20261111,1
487,20261112,1
487,20261113,1
487,20261116,1
487,20261117,1
487,20261118,1
487,20261119,1
487,20261120,1
487,20261123,1
487,20261124,1
487,20261125,1
487,20261126,1
487,20261127,1
487,20261130,1
487,20261201,1
487,20261202,1
487,20261203,1
487,20261204,1
487,20261207,1
487,20261208,1
487,20261209,1
487,20261210,1
487,20261211,1
488,20261029,1
488,20261030,1
489,20260828,1
489,20260831,1
489,20260901,1
489,20260902,1
489,20260903,1
489,20260904,1
489,20260907,1
489,20260908,1
489,20260909,1
489,20260910,1
489,20260911,1
489,20260914,1
489,20260915,1
489,20260916,1
489,20260917,1
489,20260918,1
489,20260921,1
489,20260922,1
489,20260923,1
489,20260924,1
489,20260925,1
489,20260928,1
489,20260929,1
489,20260930,1
489,20261001,1
489,20261002,1
489,20261005,1
489,20261006,1
489,20261007,1
489,20261008,1
489,20261009,1
489,20261012,1
489,20261013,1
489,20261014,1
489,20261015,1
489,20261016,1
489,20261019,1
489,20261020,1
489,20261021,1
489,20261022,1
489,20261023,1
489,20261026,1
489,20261027,1
489,20261028,1
489,20261102,1
489,20261103,1
489,20261104,1
489,20261105,1
489,20261106,1
489,20261109,1
489,20261110,1
489,20261111,1
489,20261112,1
489,20261113,1
489,20261116,1
489,20261117,1
489,20261118,1
489,20261119,1
489,20261120,1
489,20261123,1
489,20261124,1
489,20261125,1
489,20261126,1
489,20261127,1
489,20261130,1
489,20261201,1
489,20261202,1
489,20261203,1
489,20261204,1
489,20261207,1
489,20261208,1
489,20261209,1
489,20261210,1
489,20261211,1
490,20260828,1
490,20260904,1
490,20260911,1
490,20260918,1
490,20260925,1
490,20261002,1
490,20261009,1
490,20261016,1
490,20261023,1
490,20261026,1
490,20261027,1
490,20261028,1
490,20261029,1
490,20261030,1
490,20261106,1
490,20261113,1
490,20261120,1
490,20261127,1
490,20261204,1
490,20261211,1
491,20260830,1
491,20260831,1
491,20260901,1
491,20260902,1
491,20260903,1
491,20260906,1
491,20260907,1
491,20260908,1
491,20260909,1
491,20260910,1
491,20260913,1
491,20260914,1
491,20260915,1
491,20260916,1
491,20260917,1
491,20260920,1
491,20260921,1
491,20260922,1
491,20260923,1
491,20260924,1
491,20260927,1
491,20260928,1
491,20260929,1
491,20260930,1
491,20261001,1
491,20261004,1
491,20261005,1
491,20261006,1
491,20261007,1
491,20261008,1
491,20261011,1
491,20261012,1
491,20261013,1
491,20261014,1
491,20261015,1
491,20261018,1
491,20261019,1
491,20261020,1
491,20261021,1
491,20261022,1
491,20261025,1
491,20261026,1
491,20261027,1
491,20261028,1
491,20261029,1
491,20261101,1
491,20261102,1
491,20261103,1
491,20261104,1
491,20261105,1
491,20261108,1
491,20261109,1
491,20261110,1
491,20261111,1
491,20261112,1
491,20261115,1
491,20261116,1
491,20261117,1
491,20261118,1
491,20261119,1
491,20261122,1
491,20261123,1
491,20261124,1
491,20261125,1
491,20261126,1
491,20261129,1
491,20261130,1
491,20261201,1
491,20261202,1
491,20261203,1
491,20261206,1
491,20261207,1
491,20261208,1
491,20261209,1
491,20261210,1
492,20260830,1
492,20260831,1
492,20260901,1
492,20260902,1
492,20260903,1
492,20260906,1
492,20260907,1
492,20260908,1
492,20260909,1
492,20260910,1
492,20260913,1
492,20260914,1
492,20260915,1
492,20260916,1
492,20260917,1
492,20260920,1
492,20260921,1
492,20260922,1
492,20260923,1
492,20260924,1
492,20260927,1
492,20260928,1
492,20260929,1
492,20260930,1
492,20261001,1
492,20261004,1
492,20261005,1
492,20261006,1
492,20261007,1
492,20261008,1
492,20261011,1
492,20261012,1
492,20261013,1
492,20261014,1
492,20261015,1
492,20261018,1
492,20261019,1
492,20261020,1
492,20261021,1
492,20261022,1
492,20261025,1
493,20261026,1
493,20261027,1
493,20261028,1
493,20261029,1
493,20261101,1
493,20261102,1
493,20261103,1
493,20261104,1
493,20261105,1
493,20261108,1
493,20261109,1
493,20261110,1
493,20261111,1
493,20261112,1
493,20261115,1
493,20261116,1
493,20261117,1
493,20261118,1
493,20261119,1
493,20261122,1
493,20261123,1
493,20261124,1
493,20261125,1
493,20261126,1
493,20261129,1
493,20261130,1
493,20261201,1
493,20261202,1
493,20261203,1
493,20261206,1
493,20261207,1
493,20261208,1
493,20261209,1
493,20261210,1
494,20260830,1
494,20260831,1
494,20260901,1
494,20260902,1
494,20260903,1
494,20260906,1
494,20260907,1
494,20260908,1
494,20260909,1
494,20260910,1
494,20260913,1
494,20260914,1
494,20260915,1
494,20260916,1
494,20260917,1
494,20260920,1
494,20260921,1
494,20260922,1
494,20260923,1
494,20260924,1
494,20260927,1
494,20260928,1
494,20260929,1
494,20260930,1
494,20261001,1
494,20261004,1
494,20261005,1
494,20261006,1
494,20261007,1
494,20261008,1
494,20261011,1
494,20261012,1
494,20261013,1
494,20261014,1
494,20261015,1
494,20261018,1
494,20261019,1
494,20261020,1
494,20261021,1
494,20261022,1
494,20261025,1
494,20261029,1
494,20261101,1
494,20261102,1
494,20261103,1
494,20261104,1
494,20261105,1
494,20261108,1
494,20261109,1
494,20261110,1
494,20261111,1
494,20261112,1
494,20261115,1
494,20261116,1
494,20261117,1
494,20261118,1
494,20261119,1
494,20261122,1
494,20261123,1
494,20261124,1
494,20261125,1
494,20261126,1
494,20261129,1
494,20261130,1
494,20261201,1
494,20261202,1
494,20261203,1
494,20261206,1
494,20261207,1
494,20261208,1
494,20261209,1
494,20261210,1
495,20260912,1
495,20260919,1
495,20261003,1
495,20261010,1
495,20261017,1
495,20261024,1
495,20261031,1
495,20261107,1
495,20261114,1
495,20261121,1
495,20261128,1
495,20261205,1
495,20261212,1
496,20260830,1
496,20260906,1
496,20260913,1
496,20260920,1
496,20260926,1
496,20261004,1
496,20261011,1
496,20261018,1
496,20261025,1
496,20261101,1
496,20261108,1
496,20261115,1
496,20261122,1
496,20261129,1
496,20261206,1
497,20260829,1
497,20260830,1
497,20260906,1
497,20260912,1
497,20260913,1
497,20260919,1
497,20260920,1
497,20261003,1
497,20261004,1
497,20261010,1
497,20261011,1
497,20261017,1
497,20261018,1
497,20261024,1
497,20261025,1
497,20261031,1
497,20261101,1
497,20261107,1
497,20261108,1
497,20261114,1
497,20261115,1
497,20261121,1
497,20261122,1
497,20261128,1
497,20261129,1
497,20261205,1
497,20261206,1
497,20261212,1
498,20260905,1
498,20260926,1
498,20260927,1
499,20260829,1
499,20260912,1
499,20260919,1
499,20261003,1
499,20261010,1
499,20261017,1
499,20261024,1
499,20261031,1
499,20261107,1
499,20261114,1
499,20261121,1
499,20261128,1
499,20261205,1
499,20261212,1
500,20260829,1
500,20260905,1
500,20260912,1
500,20260919,1
500,20260927,1
500,20261003,1
500,20261010,1
500,20261017,1
500,20261024,1
500,20261031,1
500,20261107,1
500,20261114,1
500,20261121,1
500,20261128,1
500,20261205,1
500,20261212,1
501,20260829,1
501,20260830,1
501,20260905,1
501,20260906,1
501,20260912,1
501,20260913,1
501,20260919,1
501,20260920,1
501,20261003,1
501,20261004,1
501,20261010,1
501,20261011,1
501,20261017,1
501,20261018,1
501,20261024,1
501,20261025,1
501,20261031,1
501,20261101,1
501,20261107,1
501,20261108,1
501,20261114,1
501,20261115,1
501,20261121,1
501,20261122,1
501,20261128,1
501,20261129,1
501,20261205,1
501,20261206,1
501,20261212,1
502,20260926,1
502,20260927,1
503,20260829,1
503,20260830,1
503,20260906,1
503,20260912,1
503,20260913,1
503,20260919,1
503,20260920,1
503,20260926,1
503,20260927,1
503,20261003,1
503,20261004,1
503,20261010,1
503,20261011,1
503,20261017,1
503,20261018,1
503,20261024,1
503,20261025,1
503,20261031,1
503,20261101,1
503,20261107,1
503,20261108,1
503,20261114,1
503,20261115,1
503,20261121,1
503,20261122,1
503,20261128,1
503,20261129,1
503,20261205,1
503,20261206,1
503,20261212,1
504,20260829,1
504,20260905,1
504,20260912,1
504,20260919,1
504,20261003,1
504,20261010,1
504,20261017,1
504,20261024,1
504,20261031,1
504,20261107,1
504,20261114,1
504,20261121,1
504,20261128,1
504,20261205,1
504,20261212,1
505,20260829,1
505,20260926,1
506,20260829,1
506,20260830,1
506,20260906,1
506,20260913,1
506,20260920,1
506,20260926,1
506,20260927,1
506,20261004,1
506,20261011,1
506,20261018,1
506,20261025,1
506,20261101,1
506,20261108,1
506,20261115,1
506,20261122,1
506,20261129,1
506,20261206,1
507,20260905,1
507,20260912,1
507,20260919,1
507,20261003,1
507,20261010,1
507,20261017,1
507,20261024,1
507,20261031,1
507,20261107,1
507,20261114,1
507,20261121,1
507,20261128,1
507,20261205,1
507,20261212,1
508,20260829,1
508,20260830,1
508,20260905,1
508,20260906,1
508,20260913,1
508,20260920,1
508,20260926,1
508,20260927,1
508,20261004,1
508,20261011,1
508,20261018,1
508,20261025,1
508,20261101,1
508,20261108,1
508,20261115,1
508,20261122,1
508,20261129,1
508,20261206,1
509,20260830,1
509,20260905,1
509,20260906,1
509,20260913,1
509,20260920,1
509,20260926,1
509,20260927,1
509,20261004,1
509,20261011,1
509,20261018,1
509,20261025,1
509,20261101,1
509,20261108,1
509,20261115,1
509,20261122,1
509,20261129,1
509,20261206,1
510,20260829,1
510,20260830,1
510,20260926,1
510,20260927,1
511,20260830,1
511,20260926,1
511,20260927,1
512,20260829,1
512,20260830,1
512,20260905,1
512,20260912,1
512,20260919,1
512,20260926,1
512,20260927,1
512,20261003,1
512,20261010,1
512,20261017,1
512,20261024,1
512,20261031,1
512,20261107,1
512,20261114,1
512,20261121,1
512,20261128,1
512,20261205,1
512,20261212,1
513,20260829,1
513,20260926,1
513,20260927,1
514,20260830,1
514,20260905,1
514,20260906,1
514,20260912,1
514,20260913,1
514,20260919,1
514,20260920,1
514,20261003,1
514,20261004,1
514,20261010,1
514,20261011,1
514,20261017,1
514,20261018,1
514,20261024,1
514,20261025,1
514,20261031,1
514,20261101,1
514,20261107,1
514,20261108,1
514,20261114,1
514,20261115,1
514,20261121,1
514,20261122,1
514,20261128,1
514,20261129,1
514,20261205,1
514,20261206,1
514,20261212,1
515,20260829,1
515,20260830,1
515,20260905,1
515,20260912,1
515,20260919,1
515,20260927,1
515,20261003,1
515,20261010,1
515,20261017,1
515,20261024,1
515,20261031,1
515,20261107,1
515,20261114,1
515,20261121,1
515,20261128,1
515,20261205,1
515,20261212,1
516,20260906,1
516,20260913,1
516,20260920,1
516,20260926,1
516,20261004,1
516,20261011,1
516,20261018,1
516,20261025,1
516,20261101,1
516,20261108,1
516,20261115,1
516,20261122,1
516,20261129,1
516,20261206,1
517,20260905,1
517,20260906,1
517,20260912,1
517,20260913,1
517,20260919,1
517,20260920,1
517,20261003,1
517,20261004,1
517,20261010,1
517,20261011,1
517,20261017,1
517,20261018,1
517,20261024,1
517,20261025,1
517,20261031,1
517,20261101,1
517,20261107,1
517,20261108,1
517,20261114,1
517,20261115,1
517,20261121,1
517,20261122,1
517,20261128,1
517,20261129,1
517,20261205,1
517,20261206,1
517,20261212,1
518,20260829,1
518,20260905,1
518,20260906,1
518,20260912,1
518,20260913,1
518,20260919,1
518,20260920,1
518,20261003,1
518,20261004,1
518,20261010,1
518,20261011,1
518,20261017,1
518,20261018,1
518,20261024,1
518,20261025,1
518,20261031,1
518,20261101,1
518,20261107,1
518,20261108,1
518,20261114,1
518,20261115,1
518,20261121,1
518,20261122,1
518,20261128,1
518,20261129,1
518,20261205,1
518,20261206,1
518,20261212,1
519,20260906,1
519,20260913,1
519,20260920,1
519,20261004,1
519,20261011,1
519,20261018,1
519,20261025,1
519,20261101,1
519,20261108,1
519,20261115,1
519,20261122,1
519,20261129,1
519,20261206,1
520,20260829,1
520,20260830,1
520,20260905,1
520,20260906,1
520,20260912,1
520,20260913,1
520,20260919,1
520,20260920,1
520,20260927,1
520,20261003,1
520,20261004,1
520,20261010,1
520,20261011,1
520,20261017,1
520,20261018,1
520,20261024,1
520,20261025,1
520,20261031,1
520,20261101,1
520,20261107,1
520,20261108,1
520,20261114,1
520,20261115,1
520,20261121,1
520,20261122,1
520,20261128,1
520,20261129,1
520,20261205,1
520,20261206,1
520,20261212,1
521,20260829,1
521,20260912,1
521,20260919,1
521,20260926,1
521,20261003,1
521,20261010,1
521,20261017,1
521,20261024,1
521,20261031,1
521,20261107,1
521,20261114,1
521,20261121,1
521,20261128,1
521,20261205,1
521,20261212,1
522,20260830,1
522,20260906,1
522,20260913,1
522,20260920,1
522,20260927,1
522,20261004,1
522,20261011,1
522,20261018,1
522,20261024,1
522,20261025,1
522,20261031,1
522,20261101,1
522,20261108,1
522,20261115,1
522,20261122,1
522,20261129,1
522,20261206,1
523,20260828,1
523,20260829,1
523,20260904,1
523,20260905,1
523,20260911,1
523,20260912,1
523,20260918,1
523,20260919,1
523,20260925,1
523,20260926,1
523,20261002,1
523,20261003,1
523,20261009,1
523,20261010,1
523,20261016,1
523,20261017,1
523,20261023,1
523,20261030,1
523,20261031,1
523,20261106,1
523,20261107,1
523,20261113,1
523,20261114,1
523,20261120,1
523,20261121,1
523,20261127,1
523,20261128,1
523,20261204,1
523,20261205,1
523,20261211,1
523,20261212,1
524,20260829,1
524,20260830,1
524,20260905,1
524,20260912,1
524,20260913,1
524,20260919,1
524,20260920,1
524,20260926,1
524,20260927,1
524,20261003,1
524,20261004,1
524,20261010,1
524,20261011,1
524,20261017,1
524,20261018,1
524,20261024,1
524,20261025,1
524,20261101,1
524,20261107,1
524,20261108,1
524,20261114,1
524,20261115,1
524,20261121,1
524,20261122,1
524,20261128,1
524,20261129,1
524,20261205,1
524,20261206,1
524,20261212,1
525,20260830,1
525,20260905,1
525,20260906,1
525,20260912,1
525,20260913,1
525,20260919,1
525,20260920,1
525,20260926,1
525,20260927,1
525,20261003,1
525,20261004,1
525,20261010,1
525,20261011,1
525,20261017,1
525,20261018,1
525,20261024,1
525,20261025,1
525,20261101,1
525,20261107,1
525,20261108,1
525,20261114,1
525,20261115,1
525,20261121,1
525,20261122,1
525,20261128,1
525,20261129,1
525,20261205,1
525,20261206,1
525,20261212,1
526,20261107,1
526,20261108,1
526,20261114,1
526,20261115,1
526,20261121,1
526,20261122,1
526,20261128,1
526,20261129,1
526,20261205,1
526,20261206,1
526,20261212,1
527,20260829,1
527,20260830,1
527,20260905,1
527,20260906,1
527,20260912,1
527,20260913,1
527,20260919,1
527,20260920,1
527,20260926,1
527,20260927,1
527,20261003,1
527,20261004,1
527,20261010,1
527,20261011,1
527,20261017,1
527,20261018,1
527,20261024,1
527,20261025,1
527,20261101,1
528,20260830,1
528,20260906,1
528,20260913,1
528,20260920,1
528,20260927,1
528,20261004,1
528,20261011,1
528,20261018,1
528,20261025,1
528,20261101,1
529,20261108,1
529,20261115,1
529,20261122,1
529,20261129,1
529,20261206,1
530,20260828,1
530,20260904,1
530,20260911,1
530,20260918,1
530,20260925,1
530,20261002,1
530,20261009,1
530,20261016,1
530,20261023,1
530,20261030,1
531,20260831,1
531,20260901,1
531,20260902,1
531,20260903,1
531,20260907,1
531,20260908,1
531,20260909,1
531,20260910,1
531,20260914,1
531,20260915,1
531,20260916,1
531,20260917,1
531,20260921,1
531,20260922,1
531,20260923,1
531,20260924,1
531,20260928,1
531,20260929,1
531,20260930,1
531,20261001,1
531,20261005,1
531,20261006,1
531,20261007,1
531,20261008,1
531,20261012,1
531,20261013,1
531,20261014,1
531,20261015,1
531,20261019,1
531,20261020,1
531,20261021,1
531,20261022,1
531,20261026,1
531,20261027,1
531,20261028,1
531,20261029,1
531,20261102,1
531,20261103,1
531,20261104,1
531,20261105,1
531,20261106,1
531,20261109,1
531,20261110,1
531,20261111,1
531,20261112,1
531,20261113,1
531,20261116,1
531,20261117,1
531,20261118,1
531,20261119,1
531,20261120,1
531,20261123,1
531,20261124,1
531,20261125,1
531,20261126,1
531,20261127,1
531,20261130,1
531,20261201,1
531,20261202,1
531,20261203,1
531,20261204,1
531,20261207,1
531,20261208,1
531,20261209,1
531,20261210,1
531,20261211,1
532,20260829,1
532,20260830,1
532,20260905,1
532,20260906,1
532,20260912,1
532,20260913,1
532,20260919,1
532,20260920,1
532,20260926,1
532,20260927,1
532,20261003,1
532,20261004,1
532,20261010,1
532,20261011,1
532,20261017,1
532,20261018,1
532,20261024,1
532,20261025,1
532,20261101,1
532,20261107,1
532,20261114,1
532,20261121,1
532,20261128,1
532,20261205,1
532,20261212,1
533,20260829,1
533,20260830,1
533,20260905,1
533,20260906,1
533,20260912,1
533,20260913,1
533,20260919,1
533,20260920,1
533,20260926,1
533,20260927,1
533,20261003,1
533,20261004,1
533,20261010,1
533,20261011,1
533,20261017,1
533,20261018,1
533,20261024,1
533,20261025,1
533,20261101,1
533,20261108,1
533,20261115,1
533,20261122,1
533,20261129,1
533,20261206,1
534,20260829,1
534,20260905,1
534,20260912,1
534,20260919,1
534,20260926,1
534,20261003,1
534,20261010,1
534,20261017,1
534,20261024,1
534,20261107,1
534,20261108,1
534,20261114,1
534,20261115,1
534,20261121,1
534,20261122,1
534,20261128,1
534,20261129,1
534,20261205,1
534,20261206,1
534,20261212,1
535,20261106,1
535,20261107,1
535,20261113,1
535,20261114,1
535,20261120,1
535,20261121,1
535,20261127,1
535,20261128,1
535,20261204,1
535,20261205,1
535,20261211,1
535,20261212,1
536,20261102,1
536,20261103,1
536,20261104,1
536,20261105,1
536,20261108,1
536,20261109,1
536,20261110,1
536,20261111,1
536,20261112,1
536,20261115,1
536,20261116,1
536,20261117,1
536,20261118,1
536,20261119,1
536,20261122,1
536,20261123,1
536,20261124,1
536,20261125,1
536,20261126,1
536,20261129,1
536,20261130,1
536,20261201,1
536,20261202,1
536,20261203,1
536,20261206,1
536,20261207,1
536,20261208,1
536,20261209,1
536,20261210,1
537,20260828,1
537,20260829,1
537,20260904,1
537,20260905,1
537,20260911,1
537,20260912,1
537,20260918,1
537,20260919,1
537,20260925,1
537,20260926,1
537,20261002,1
537,20261003,1
537,20261009,1
537,20261010,1
537,20261016,1
537,20261017,1
537,20261023,1
537,20261024,1
537,20261030,1
538,20260830,1
538,20260831,1
538,20260901,1
538,20260902,1
538,20260903,1
538,20260906,1
538,20260907,1
538,20260908,1
538,20260909,1
538,20260910,1
538,20260913,1
538,20260914,1
538,20260915,1
538,20260916,1
538,20260917,1
538,20260920,1
538,20260921,1
538,20260922,1
538,20260923,1
538,20260924,1
538,20260927,1
538,20260928,1
538,20260929,1
538,20260930,1
538,20261001,1
538,20261004,1
538,20261005,1
538,20261006,1
538,20261007,1
538,20261008,1
538,20261011,1
538,20261012,1
538,20261013,1
538,20261014,1
538,20261015,1
538,20261018,1
538,20261019,1
538,20261020,1
538,20261021,1
538,20261022,1
538,20261025,1
538,20261026,1
538,20261027,1
538,20261028,1
538,20261029,1
538,20261101,1
539,20260828,1
539,20260831,1
539,20260901,1
539,20260902,1
539,20260903,1
539,20260904,1
539,20260907,1
539,20260908,1
539,20260909,1
539,20260910,1
539,20260911,1
539,20260914,1
539,20260915,1
539,20260916,1
539,20260917,1
539,20260918,1
539,20260921,1
539,20260922,1
539,20260923,1
539,20260924,1
539,20260925,1
539,20260928,1
539,20260929,1
539,20260930,1
539,20261001,1
539,20261002,1
539,20261005,1
539,20261006,1
539,20261007,1
539,20261008,1
539,20261009,1
539,20261012,1
539,20261013,1
539,20261014,1
539,20261015,1
539,20261016,1
539,20261019,1
539,20261020,1
539,20261021,1
539,20261022,1
539,20261023,1
539,20261026,1
539,20261027,1
539,20261028,1
539,20261029,1
539,20261030,1
539,20261031,1
539,20261102,1
539,20261103,1
539,20261104,1
539,20261105,1
539,20261106,1
539,20261109,1
539,20261110,1
539,20261111,1
539,20261112,1
539,20261113,1
539,20261116,1
539,20261117,1
539,20261118,1
539,20261119,1
539,20261120,1
539,20261123,1
539,20261124,1
539,20261125,1
539,20261126,1
539,20261127,1
539,20261130,1
539,20261201,1
539,20261202,1
539,20261203,1
539,20261204,1
539,20261207,1
539,20261208,1
539,20261209,1
539,20261210,1
539,20261211,1
540,20260828,1
540,20260829,1
540,20260831,1
540,20260901,1
540,20260902,1
540,20260903,1
540,20260904,1
540,20260905,1
540,20260907,1
540,20260908,1
540,20260909,1
540,20260910,1
540,20260911,1
540,20260912,1
540,20260914,1
540,20260915,1
540,20260916,1
540,20260917,1
540,20260918,1
540,20260919,1
540,20260921,1
540,20260922,1
540,20260923,1
540,20260924,1
540,20260925,1
540,20260926,1
540,20260928,1
540,20260929,1
540,20260930,1
540,20261001,1
540,20261002,1
540,20261003,1
540,20261005,1
540,20261006,1
540,20261007,1
540,20261008,1
540,20261009,1
540,20261010,1
540,20261012,1
540,20261013,1
540,20261014,1
540,20261015,1
540,20261016,1
540,20261017,1
540,20261019,1
540,20261020,1
540,20261021,1
540,20261022,1
540,20261023,1
540,20261024,1
540,20261026,1
540,20261027,1
540,20261028,1
540,20261029,1
540,20261030,1
540,20261031,1
540,20261102,1
540,20261103,1
540,20261104,1
540,20261105,1
540,20261106,1
540,20261107,1
540,20261109,1
540,20261110,1
540,20261111,1
540,20261112,1
540,20261113,1
540,20261114,1
540,20261116,1
540,20261117,1
540,20261118,1
540,20261119,1
540,20261120,1
540,20261121,1
540,20261123,1
540,20261124,1
540,20261125,1
540,20261126,1
540,20261127,1
540,20261128,1
540,20261130,1
540,20261201,1
540,20261202,1
540,20261203,1
540,20261204,1
540,20261205,1
540,20261207,1
540,20261208,1
540,20261209,1
540,20261210,1
540,20261211,1
540,20261212,1
541,20260828,1
541,20261026,1
541,20261027,1
541,20261028,1
541,20261029,1
541,20261030,1
541,20261102,1
541,20261103,1
541,20261104,1
541,20261105,1
541,20261106,1
541,20261109,1
541,20261110,1
541,20261111,1
541,20261112,1
541,20261113,1
541,20261116,1
541,20261117,1
541,20261118,1
541,20261119,1
541,20261120,1
541,20261123,1
541,20261124,1
541,20261125,1
541,20261126,1
541,20261127,1
541,20261130,1
541,20261201,1
541,20261202,1
541,20261203,1
541,20261204,1
541,20261207,1
541,20261208,1
541,20261209,1
541,20261210,1
541,20261211,1
542,20260829,1
542,20260830,1
542,20261031,1
542,20261101,1
542,20261107,1
542,20261108,1
542,20261114,1
542,20261115,1
542,20261121,1
542,20261122,1
542,20261128,1
542,20261129,1
542,20261205,1
542,20261206,1
542,20261212,1
543,20260828,1
543,20261102,1
543,20261103,1
543,20261104,1
543,20261105,1
543,20261106,1
543,20261109,1
543,20261110,1
543,20261111,1
543,20261112,1
543,20261113,1
543,20261116,1
543,20261117,1
543,20261118,1
543,20261119,1
543,20261120,1
543,20261123,1
543,20261124,1
543,20261125,1
543,20261126,1
543,20261127,1
543,20261130,1
543,20261201,1
543,20261202,1
543,20261203,1
543,20261204,1
543,20261207,1
543,20261208,1
543,20261209,1
543,20261210,1
543,20261211,1
544,20260905,1
544,20260906,1
544,20260912,1
544,20260913,1
544,20260919,1
544,20260920,1
544,20260926,1
544,20260927,1
544,20261003,1
544,20261004,1
544,20261010,1
544,20261011,1
544,20261017,1
544,20261018,1
544,20261024,1
544,20261025,1
544,20261031,1
544,20261101,1
544,20261107,1
544,20261108,1
544,20261114,1
544,20261115,1
544,20261121,1
544,20261122,1
544,20261128,1
544,20261129,1
544,20261205,1
544,20261206,1
544,20261212,1
545,20260904,1
545,20260907,1
545,20260908,1
545,20260909,1
545,20260910,1
545,20260911,1
545,20260914,1
545,20260915,1
545,20260916,1
545,20260917,1
545,20260918,1
545,20260921,1
545,20260922,1
545,20260923,1
545,20260924,1
545,20260925,1
545,20260928,1
545,20260929,1
545,20260930,1
545,20261001,1
545,20261002,1
545,20261005,1
545,20261006,1
545,20261007,1
545,20261008,1
545,20261009,1
545,20261012,1
545,20261013,1
545,20261014,1
545,20261015,1
545,20261016,1
545,20261019,1
545,20261020,1
545,20261021,1
545,20261022,1
545,20261023,1
545,20261026,1
545,20261027,1
545,20261028,1
545,20261029,1
545,20261030,1
545,20261102,1
545,20261103,1
545,20261104,1
545,20261105,1
545,20261106,1
545,20261109,1
545,20261110,1
545,20261111,1
545,20261112,1
545,20261113,1
545,20261116,1
545,20261117,1
545,20261118,1
545,20261119,1
545,20261120,1
545,20261123,1
545,20261124,1
545,20261125,1
545,20261126,1
545,20261127,1
545,20261130,1
545,20261201,1
545,20261202,1
545,20261203,1
545,20261204,1
545,20261207,1
545,20261208,1
545,20261209,1
545,20261210,1
545,20261211,1
546,20260829,1
546,20260830,1
547,20260828,1
547,20260831,1
547,20260901,1
547,20260902,1
547,20260903,1
548,20260829,1
548,20260830,1
548,20260905,1
548,20260906,1
548,20260912,1
548,20260913,1
548,20260919,1
548,20260920,1
548,20260926,1
548,20260927,1
548,20261003,1
548,20261004,1
548,20261010,1
548,20261011,1
548,20261017,1
548,20261018,1
548,20261025,1
548,20261031,1
548,20261101,1
548,20261107,1
548,20261108,1
548,20261114,1
548,20261115,1
548,20261121,1
548,20261122,1
548,20261128,1
548,20261129,1
548,20261205,1
548,20261206,1
548,20261212,1
549,20260906,1
549,20260913,1
549,20260920,1
549,20260927,1
549,20261004,1
549,20261011,1
549,20261018,1
549,20261025,1
549,20261101,1
549,20261108,1
549,20261115,1
549,20261122,1
549,20261129,1
549,20261206,1
550,20261024,1
550,20261031,1
550,20261101,1
550,20261107,1
550,20261108,1
550,20261114,1
550,20261115,1
550,20261121,1
550,20261122,1
550,20261128,1
550,20261129,1
550,20261205,1
550,20261206,1
550,20261212,1
551,20260829,1
551,20260830,1
551,20260905,1
551,20260906,1
551,20260912,1
551,20260913,1
551,20260919,1
551,20260920,1
551,20260926,1
551,20260927,1
551,20261003,1
551,20261004,1
551,20261010,1
551,20261011,1
551,20261017,1
551,20261018,1
551,20261025,1
552,20261101,1
552,20261102,1
552,20261103,1
552,20261104,1
552,20261105,1
552,20261106,1
552,20261107,1
552,20261108,1
552,20261109,1
552,20261110,1
552,20261111,1
552,20261112,1
552,20261113,1
552,20261114,1
552,20261115,1
552,20261116,1
552,20261117,1
552,20261118,1
552,20261119,1
552,20261120,1
552,20261121,1
552,20261122,1
552,20261123,1
552,20261124,1
552,20261125,1
552,20261126,1
552,20261127,1
552,20261128,1
552,20261129,1
552,20261130,1
552,20261201,1
552,20261202,1
552,20261203,1
552,20261204,1
552,20261205,1
552,20261206,1
552,20261207,1
552,20261208,1
552,20261209,1
552,20261210,1
552,20261211,1
552,20261212,1
553,20260828,1
553,20260829,1
553,20260830,1
553,20260831,1
553,20260901,1
553,20260902,1
553,20260903,1
553,20260904,1
553,20260905,1
553,20260906,1
553,20260907,1
553,20260908,1
553,20260909,1
553,20260910,1
553,20260911,1
553,20260912,1
553,20260913,1
553,20260914,1
553,20260915,1
553,20260916,1
553,20260917,1
553,20260918,1
553,20260919,1
553,20260920,1
553,20260921,1
553,20260922,1
553,20260923,1
553,20260924,1
553,20260925,1
553,20260926,1
553,20260927,1
553,20260928,1
553,20260929,1
553,20260930,1
553,20261001,1
553,20261002,1
553,20261003,1
553,20261004,1
553,20261005,1
553,20261006,1
553,20261007,1
553,20261008,1
553,20261009,1
553,20261010,1
553,20261011,1
553,20261012,1
553,20261013,1
553,20261014,1
553,20261015,1
553,20261016,1
553,20261017,1
553,20261018,1
553,20261019,1
553,20261020,1
553,20261021,1
553,20261022,1
553,20261023,1
553,20261024,1
553,20261025,1
553,20261026,1
553,20261027,1
553,20261028,1
553,20261029,1
553,20261030,1
553,20261031,1
554,20260829,1
554,20260830,1
554,20260905,1
554,20260906,1
554,20260912,1
554,20260913,1
554,20260919,1
554,20260920,1
554,20260926,1
554,20260927,1
554,20261003,1
554,20261004,1
554,20261010,1
554,20261011,1
554,20261017,1
554,20261018,1
554,20261025,1
554,20261101,1
554,20261107,1
554,20261108,1
554,20261114,1
554,20261115,1
554,20261121,1
554,20261122,1
554,20261128,1
554,20261129,1
554,20261205,1
554,20261206,1
554,20261212,1
555,20260829,1
555,20260905,1
555,20260912,1
555,20260919,1
555,20260926,1
555,20261003,1
555,20261010,1
555,20261017,1
555,20261031,1
555,20261107,1
555,20261114,1
555,20261121,1
555,20261128,1
555,20261205,1
555,20261212,1
556,20261024,1
556,20261031,1
557,20260830,1
557,20260906,1
557,20260913,1
557,20260920,1
557,20260927,1
557,20261004,1
557,20261011,1
557,20261018,1
557,20261024,1
557,20261025,1
557,20261101,1
557,20261108,1
557,20261115,1
557,20261122,1
557,20261129,1
557,20261206,1
558,20260828,1
558,20260829,1
558,20260904,1
558,20260905,1
558,20260911,1
558,20260912,1
558,20260918,1
558,20260919,1
558,20260925,1
558,20260926,1
558,20261002,1
558,20261003,1
558,20261009,1
558,20261010,1
558,20261016,1
558,20261017,1
558,20261023,1
558,20261030,1
558,20261106,1
558,20261107,1
558,20261113,1
558,20261114,1
558,20261120,1
558,20261121,1
558,20261127,1
558,20261128,1
558,20261204,1
558,20261205,1
558,20261211,1
558,20261212,1
559,20261024,1
559,20261030,1
559,20261031,1
559,20261106,1
559,20261107,1
559,20261113,1
559,20261114,1
559,20261120,1
559,20261121,1
559,20261127,1
559,20261128,1
559,20261204,1
559,20261205,1
559,20261211,1
559,20261212,1
560,20260828,1
560,20260829,1
560,20260904,1
560,20260905,1
560,20260911,1
560,20260912,1
560,20260918,1
560,20260919,1
560,20260925,1
560,20260926,1
560,20261002,1
560,20261003,1
560,20261009,1
560,20261010,1
560,20261016,1
560,20261017,1
560,20261023,1
561,20261026,1
561,20261027,1
561,20261028,1
561,20261029,1
561,20261030,1
561,20261031,1
562,20260828,1
562,20260829,1
562,20260830,1
562,20260831,1
562,20260901,1
562,20260902,1
562,20260903,1
562,20260904,1
562,20260905,1
562,20260906,1
562,20260907,1
562,20260908,1
562,20260909,1
562,20260910,1
562,20260911,1
562,20260912,1
562,20260913,1
562,20260914,1
562,20260915,1
562,20260916,1
562,20260917,1
562,20260918,1
562,20260919,1
562,20260920,1
562,20260921,1
562,20260922,1
562,20260923,1
562,20260924,1
562,20260925,1
562,20260926,1
562,20260927,1
562,20260928,1
562,20260929,1
562,20260930,1
562,20261001,1
562,20261002,1
562,20261003,1
562,20261004,1
562,20261005,1
562,20261006,1
562,20261007,1
562,20261008,1
562,20261009,1
562,20261010,1
562,20261011,1
562,20261012,1
562,20261013,1
562,20261014,1
562,20261015,1
562,20261016,1
562,20261017,1
562,20261018,1
562,20261019,1
562,20261020,1
562,20261021,1
562,20261022,1
562,20261023,1
562,20261024,1
562,20261025,1
562,20261101,1
562,20261102,1
562,20261103,1
562,20261104,1
562,20261105,1
562,20261106,1
562,20261107,1
562,20261108,1
562,20261109,1
562,20261110,1
562,20261111,1
562,20261112,1
562,20261113,1
562,20261114,1
562,20261115,1
562,20261116,1
562,20261117,1
562,20261118,1
562,20261119,1
562,20261120,1
562,20261121,1
562,20261122,1
562,20261123,1
562,20261124,1
562,20261125,1
562,20261126,1
562,20261127,1
562,20261128,1
562,20261129,1
562,20261130,1
562,20261201,1
562,20261202,1
562,20261203,1
562,20261204,1
562,20261205,1
562,20261206,1
562,20261207,1
562,20261208,1
562,20261209,1
562,20261210,1
562,20261211,1
562,20261212,1
563,20260828,1
563,20260831,1
563,20260901,1
563,20260902,1
563,20260903,1
563,20260907,1
563,20260908,1
563,20260909,1
563,20260910,1
563,20260914,1
563,20260915,1
563,20260916,1
563,20260917,1
563,20260921,1
563,20260922,1
563,20260923,1
563,20260924,1
563,20260928,1
563,20260929,1
563,20260930,1
563,20261001,1
563,20261005,1
563,20261006,1
563,20261007,1
563,20261008,1
563,20261012,1
563,20261013,1
563,20261014,1
563,20261015,1
563,20261019,1
563,20261020,1
563,20261021,1
563,20261022,1
563,20261030,1
563,20261102,1
563,20261103,1
563,20261104,1
563,20261105,1
563,20261109,1
563,20261110,1
563,20261111,1
563,20261112,1
563,20261116,1
563,20261117,1
563,20261118,1
563,20261119,1
563,20261123,1
563,20261124,1
563,20261125,1
563,20261126,1
563,20261130,1
563,20261201,1
563,20261202,1
563,20261203,1
563,20261207,1
563,20261208,1
563,20261209,1
563,20261210,1
564,20260904,1
564,20260911,1
564,20260918,1
564,20260925,1
564,20261002,1
564,20261009,1
564,20261016,1
564,20261023,1
564,20261026,1
564,20261027,1
564,20261028,1
564,20261029,1
564,20261106,1
564,20261113,1
564,20261120,1
564,20261127,1
564,20261204,1
564,20261211,1
565,20261005,1
565,20261006,1
565,20261007,1
565,20261008,1
565,20261009,1
565,20261012,1
565,20261013,1
565,20261014,1
565,20261015,1
565,20261016,1
565,20261019,1
565,20261020,1
565,20261021,1
565,20261022,1
565,20261023,1
565,20261102,1
565,20261103,1
565,20261104,1
565,20261105,1
565,20261106,1
565,20261109,1
565,20261110,1
565,20261111,1
565,20261112,1
565,20261113,1
565,20261116,1
565,20261117,1
565,20261118,1
565,20261119,1
565,20261120,1
565,20261123,1
565,20261124,1
565,20261125,1
565,20261126,1
565,20261127,1
565,20261130,1
565,20261201,1
565,20261202,1
565,20261203,1
565,20261204,1
565,20261207,1
565,20261208,1
565,20261209,1
565,20261210,1
565,20261211,1
566,20261010,1
566,20261011,1
566,20261017,1
566,20261018,1
566,20261024,1
566,20261025,1
566,20261101,1
566,20261107,1
566,20261108,1
566,20261114,1
566,20261115,1
566,20261121,1
566,20261122,1
566,20261128,1
566,20261129,1
566,20261205,1
566,20261206,1
566,20261212,1
567,20261011,1
567,20261018,1
567,20261025,1
567,20261101,1
567,20261108,1
567,20261115,1
567,20261122,1
567,20261129,1
567,20261206,1
568,20260828,1
568,20260831,1
568,20260901,1
568,20260902,1
568,20260903,1
568,20260904,1
568,20260907,1
568,20260908,1
568,20260909,1
568,20260910,1
568,20260911,1
568,20260914,1
568,20260915,1
568,20260916,1
568,20260917,1
568,20260918,1
568,20260921,1
568,20260922,1
568,20260923,1
568,20260924,1
568,20260925,1
568,20260928,1
568,20260929,1
568,20260930,1
568,20261001,1
568,20261002,1
569,20260829,1
569,20260830,1
569,20260905,1
569,20260906,1
569,20260912,1
569,20260913,1
569,20260919,1
569,20260920,1
569,20260926,1
569,20260927,1
569,20261003,1
569,20261004,1
570,20260830,1
570,20260906,1
570,20260913,1
570,20260920,1
570,20260927,1
570,20261004,1
571,20260828,1
571,20260829,1
571,20260830,1
571,20260831,1
571,20260901,1
571,20260902,1
571,20260903,1
571,20260904,1
571,20260905,1
571,20260906,1
571,20260907,1
571,20260908,1
571,20260909,1
571,20260910,1
571,20260911,1
571,20260912,1
571,20260913,1
571,20260914,1
571,20260915,1
571,20260916,1
571,20260917,1
571,20260918,1
571,20260919,1
571,20260920,1
571,20260921,1
571,20260922,1
571,20260923,1
571,20260924,1
571,20260925,1
571,20260926,1
571,20260927,1
571,20260928,1
571,20260929,1
571,20260930,1
571,20261001,1
571,20261002,1
571,20261003,1
571,20261004,1
571,20261005,1
571,20261006,1
571,20261007,1
571,20261008,1
571,20261009,1
571,20261010,1
571,20261011,1
571,20261012,1
571,20261013,1
571,20261014,1
571,20261015,1
571,20261016,1
571,20261017,1
571,20261018,1
571,20261019,1
571,20261020,1
571,20261021,1
571,20261022,1
571,20261023,1
571,20261024,1
571,20261025,1
571,20261102,1
571,20261103,1
571,20261104,1
571,20261105,1
571,20261106,1
571,20261109,1
571,20261110,1
571,20261111,1
571,20261112,1
571,20261113,1
571,20261116,1
571,20261117,1
571,20261118,1
571,20261119,1
571,20261120,1
571,20261123,1
571,20261124,1
571,20261125,1
571,20261126,1
571,20261127,1
571,20261130,1
571,20261201,1
571,20261202,1
571,20261203,1
571,20261204,1
571,20261207,1
571,20261208,1
571,20261209,1
571,20261210,1
571,20261211,1
572,20260828,1
572,20260831,1
572,20260903,1
572,20260904,1
572,20260907,1
572,20260910,1
572,20260911,1
572,20260914,1
572,20260917,1
572,20260918,1
572,20260921,1
572,20260924,1
572,20260925,1
572,20260928,1
572,20261001,1
572,20261002,1
572,20261005,1
572,20261008,1
572,20261009,1
572,20261012,1
572,20261015,1
572,20261016,1
572,20261019,1
572,20261022,1
572,20261023,1
572,20261103,1
572,20261104,1
572,20261106,1
572,20261110,1
572,20261111,1
572,20261113,1
572,20261117,1
572,20261118,1
572,20261120,1
572,20261124,1
572,20261125,1
572,20261127,1
572,20261201,1
572,20261202,1
572,20261204,1
572,20261208,1
572,20261209,1
572,20261211,1
573,20260901,1
573,20260902,1
573,20260908,1
573,20260909,1
573,20260915,1
573,20260916,1
573,20260922,1
573,20260923,1
573,20260929,1
573,20260930,1
573,20261006,1
573,20261007,1
573,20261013,1
573,20261014,1
573,20261020,1
573,20261021,1
573,20261102,1
573,20261105,1
573,20261109,1
573,20261112,1
573,20261116,1
573,20261119,1
573,20261123,1
573,20261126,1
573,20261130,1
573,20261203,1
573,20261207,1
573,20261210,1
574,20260828,1
574,20260831,1
574,20260901,1
574,20260902,1
574,20260903,1
574,20260904,1
574,20260907,1
574,20260908,1
574,20260909,1
574,20260910,1
574,20260911,1
574,20260914,1
574,20260915,1
574,20260916,1
574,20260917,1
574,20260918,1
574,20260921,1
574,20260922,1
574,20260923,1
574,20260924,1
574,20260925,1
574,20260928,1
574,20260929,1
574,20260930,1
574,20261001,1
574,20261002,1
574,20261005,1
574,20261006,1
574,20261007,1
574,20261008,1
574,20261009,1
574,20261012,1
574,20261013,1
574,20261014,1
574,20261015,1
574,20261016,1
574,20261019,1
574,20261020,1
574,20261021,1
574,20261022,1
574,20261023,1
574,20261103,1
574,20261104,1
574,20261106,1
574,20261110,1
574,20261111,1
574,20261113,1
574,20261117,1
574,20261118,1
574,20261120,1
574,20261124,1
574,20261125,1
574,20261127,1
574,20261201,1
574,20261202,1
574,20261204,1
574,20261208,1
574,20261209,1
574,20261211,1
575,20261102,1
575,20261105,1
575,20261109,1
575,20261112,1
575,20261116,1
575,20261119,1
575,20261123,1
575,20261126,1
575,20261130,1
575,20261203,1
575,20261207,1
575,20261210,1
576,20260828,1
576,20260829,1
576,20260830,1
576,20260831,1
576,20260901,1
576,20260902,1
576,20260903,1
576,20260904,1
576,20260905,1
576,20260906,1
576,20260907,1
576,20260908,1
576,20260909,1
576,20260910,1
576,20260911,1
576,20260912,1
576,20260913,1
576,20260914,1
576,20260915,1
576,20260916,1
576,20260917,1
576,20260918,1
576,20260919,1
576,20260920,1
576,20260921,1
576,20260922,1
576,20260923,1
576,20260924,1
576,20260925,1
576,20260926,1
576,20260927,1
576,20260928,1
576,20260929,1
576,20260930,1
576,20261001,1
576,20261002,1
576,20261003,1
576,20261004,1
576,20261005,1
576,20261006,1
576,20261007,1
576,20261008,1
576,20261009,1
576,20261010,1
576,20261011,1
576,20261012,1
576,20261013,1
576,20261014,1
576,20261015,1
576,20261016,1
576,20261017,1
576,20261018,1
576,20261019,1
576,20261020,1
576,20261021,1
576,20261022,1
576,20261023,1
576,20261024,1
576,20261025,1
576,20261026,1
576,20261027,1
576,20261028,1
576,20261030,1
576,20261031,1
576,20261101,1
576,20261102,1
576,20261103,1
576,20261104,1
576,20261105,1
576,20261106,1
576,20261107,1
576,20261108,1
576,20261109,1
576,20261110,1
576,20261111,1
576,20261112,1
576,20261113,1
576,20261114,1
576,20261115,1
576,20261116,1
576,20261117,1
576,20261118,1
576,20261119,1
576,20261120,1
576,20261121,1
576,20261122,1
576,20261123,1
576,20261124,1
576,20261125,1
576,20261126,1
576,20261127,1
576,20261128,1
576,20261129,1
576,20261130,1
576,20261201,1
576,20261202,1
576,20261203,1
576,20261204,1
576,20261205,1
576,20261206,1
576,20261207,1
576,20261208,1
576,20261209,1
576,20261210,1
576,20261211,1
576,20261212,1
577,20260904,1
577,20260907,1
577,20260908,1
577,20260909,1
577,20260910,1
577,20260911,1
577,20260914,1
577,20260915,1
577,20260916,1
577,20260917,1
577,20260918,1
577,20260921,1
577,20260922,1
577,20260923,1
577,20260924,1
577,20260925,1
577,20260928,1
577,20260929,1
577,20260930,1
577,20261001,1
577,20261002,1
577,20261005,1
577,20261006,1
577,20261007,1
577,20261008,1
577,20261009,1
577,20261012,1
577,20261013,1
577,20261014,1
577,20261015,1
577,20261016,1
577,20261019,1
577,20261020,1
577,20261021,1
577,20261022,1
577,20261023,1
577,20261102,1
577,20261103,1
577,20261104,1
577,20261105,1
577,20261106,1
577,20261109,1
577,20261110,1
577,20261111,1
577,20261112,1
577,20261113,1
577,20261116,1
577,20261117,1
577,20261118,1
577,20261119,1
577,20261120,1
577,20261123,1
577,20261124,1
577,20261125,1
577,20261126,1
577,20261127,1
577,20261130,1
577,20261201,1
577,20261202,1
577,20261203,1
577,20261204,1
577,20261207,1
577,20261208,1
577,20261209,1
577,20261210,1
577,20261211,1
578,20260828,1
578,20260831,1
578,20260901,1
578,20260902,1
578,20260903,1
578,20260904,1
578,20260907,1
578,20260908,1
578,20260909,1
578,20260910,1
578,20260911,1
578,20260914,1
578,20260915,1
578,20260916,1
578,20260917,1
578,20260918,1
578,20260921,1
578,20260922,1
578,20260923,1
578,20260924,1
578,20260925,1
578,20260928,1
578,20260929,1
578,20260930,1
578,20261001,1
578,20261002,1
578,20261005,1
578,20261006,1
578,20261007,1
578,20261008,1
578,20261009,1
578,20261012,1
578,20261013,1
578,20261014,1
578,20261015,1
578,20261016,1
578,20261019,1
578,20261020,1
578,20261021,1
578,20261022,1
578,20261023,1
578,20261030,1
578,20261102,1
578,20261103,1
578,20261104,1
578,20261105,1
578,20261106,1
578,20261109,1
578,20261110,1
578,20261111,1
578,20261112,1
578,20261113,1
578,20261116,1
578,20261117,1
578,20261118,1
578,20261119,1
578,20261120,1
578,20261123,1
578,20261124,1
578,20261125,1
578,20261126,1
578,20261127,1
578,20261130,1
578,20261201,1
578,20261202,1
578,20261203,1
578,20261204,1
578,20261207,1
578,20261208,1
578,20261209,1
578,20261210,1
578,20261211,1
579,20261102,1
579,20261103,1
579,20261104,1
579,20261105,1
579,20261109,1
579,20261110,1
579,20261111,1
579,20261112,1
579,20261116,1
579,20261117,1
579,20261118,1
579,20261119,1
579,20261123,1
579,20261124,1
579,20261125,1
579,20261126,1
579,20261130,1
579,20261201,1
579,20261202,1
579,20261203,1
579,20261207,1
579,20261208,1
579,20261209,1
579,20261210,1
580,20260828,1
580,20260831,1
580,20260901,1
580,20260902,1
580,20260903,1
580,20260904,1
580,20260907,1
580,20260908,1
580,20260909,1
580,20260910,1
580,20260911,1
580,20260914,1
580,20260915,1
580,20260916,1
580,20260917,1
580,20260918,1
580,20260921,1
580,20260922,1
580,20260923,1
580,20260924,1
580,20260925,1
580,20260928,1
580,20260929,1
580,20260930,1
580,20261001,1
580,20261002,1
580,20261005,1
580,20261006,1
580,20261007,1
580,20261008,1
580,20261009,1
580,20261012,1
580,20261013,1
580,20261014,1
580,20261015,1
580,20261016,1
580,20261019,1
580,20261020,1
580,20261021,1
580,20261022,1
580,20261023,1
580,20261030,1
580,20261106,1
580,20261113,1
580,20261120,1
580,20261127,1
580,20261204,1
580,20261211,1
581,20260828,1
581,20260829,1
581,20260830,1
582,20260831,1
582,20260901,1
582,20260902,1
582,20260903,1
582,20260904,1
582,20260905,1
582,20260906,1
582,20260907,1
582,20260908,1
582,20260909,1
582,20260910,1
582,20260911,1
582,20260912,1
582,20260913,1
582,20260914,1
582,20260915,1
582,20260916,1
582,20260917,1
582,20260918,1
582,20260919,1
582,20260920,1
582,20260921,1
582,20260922,1
582,20260923,1
582,20260924,1
582,20260925,1
582,20260926,1
582,20260927,1
582,20260928,1
582,20260929,1
582,20260930,1
582,20261001,1
582,20261002,1
582,20261003,1
582,20261004,1
582,20261005,1
582,20261006,1
582,20261007,1
582,20261008,1
582,20261009,1
582,20261010,1
582,20261011,1
582,20261012,1
582,20261013,1
582,20261014,1
582,20261015,1
582,20261016,1
582,20261017,1
582,20261018,1
582,20261019,1
582,20261020,1
582,20261021,1
582,20261022,1
582,20261023,1
582,20261024,1
582,20261025,1
582,20261026,1
582,20261027,1
582,20261028,1
582,20261029,1
582,20261030,1
582,20261031,1
582,20261101,1
582,20261102,1
582,20261103,1
582,20261104,1
582,20261105,1
582,20261106,1
582,20261107,1
582,20261108,1
582,20261109,1
582,20261110,1
582,20261111,1
582,20261112,1
582,20261113,1
582,20261114,1
582,20261115,1
582,20261116,1
582,20261117,1
582,20261118,1
582,20261119,1
582,20261120,1
582,20261121,1
582,20261122,1
582,20261123,1
582,20261124,1
582,20261125,1
582,20261126,1
582,20261127,1
582,20261128,1
582,20261129,1
582,20261130,1
582,20261201,1
582,20261202,1
582,20261203,1
582,20261204,1
582,20261205,1
582,20261206,1
582,20261207,1
582,20261208,1
582,20261209,1
582,20261210,1
582,20261211,1
582,20261212,1
583,20260831,1
583,20260901,1
583,20260902,1
583,20260903,1
583,20260904,1
583,20260907,1
583,20260908,1
583,20260909,1
583,20260910,1
583,20260911,1
583,20260914,1
583,20260915,1
583,20260916,1
583,20260917,1
583,20260918,1
583,20260921,1
583,20260922,1
583,20260923,1
583,20260924,1
583,20260925,1
583,20260928,1
583,20260929,1
583,20260930,1
583,20261001,1
583,20261002,1
583,20261005,1
583,20261006,1
583,20261007,1
583,20261008,1
583,20261009,1
583,20261012,1
583,20261013,1
583,20261014,1
583,20261015,1
583,20261016,1
583,20261019,1
583,20261020,1
583,20261021,1
583,20261022,1
583,20261023,1
583,20261102,1
583,20261103,1
583,20261104,1
583,20261105,1
583,20261106,1
583,20261109,1
583,20261110,1
583,20261111,1
583,20261112,1
583,20261113,1
583,20261116,1
583,20261117,1
583,20261118,1
583,20261119,1
583,20261120,1
583,20261123,1
583,20261124,1
583,20261125,1
583,20261126,1
583,20261127,1
583,20261130,1
583,20261201,1
583,20261202,1
583,20261203,1
583,20261204,1
583,20261207,1
583,20261208,1
583,20261209,1
583,20261210,1
583,20261211,1
584,20261026,1
584,20261027,1
584,20261028,1
584,20261029,1
584,20261031,1
585,20260829,1
585,20260831,1
585,20260901,1
585,20260902,1
585,20260903,1
585,20260905,1
585,20260907,1
585,20260908,1
585,20260909,1
585,20260910,1
585,20260912,1
585,20260914,1
585,20260915,1
585,20260916,1
585,20260917,1
585,20260919,1
585,20260921,1
585,20260922,1
585,20260923,1
585,20260924,1
585,20260926,1
585,20260928,1
585,20260929,1
585,20260930,1
585,20261001,1
585,20261003,1
585,20261005,1
585,20261006,1
585,20261007,1
585,20261008,1
585,20261010,1
585,20261012,1
585,20261013,1
585,20261014,1
585,20261015,1
585,20261017,1
585,20261019,1
585,20261020,1
585,20261021,1
585,20261022,1
585,20261024,1
585,20261102,1
585,20261103,1
585,20261104,1
585,20261105,1
585,20261107,1
585,20261109,1
585,20261110,1
585,20261111,1
585,20261112,1
585,20261114,1
585,20261116,1
585,20261117,1
585,20261118,1
585,20261119,1
585,20261121,1
585,20261123,1
585,20261124,1
585,20261125,1
585,20261126,1
585,20261128,1
585,20261130,1
585,20261201,1
585,20261202,1
585,20261203,1
585,20261205,1
585,20261207,1
585,20261208,1
585,20261209,1
585,20261210,1
585,20261212,1
586,20260828,1
586,20260829,1
586,20260831,1
586,20260901,1
586,20260902,1
586,20260903,1
586,20260904,1
586,20260905,1
586,20260907,1
586,20260908,1
586,20260909,1
586,20260910,1
586,20260911,1
586,20260912,1
586,20260914,1
586,20260915,1
586,20260916,1
586,20260917,1
586,20260918,1
586,20260919,1
586,20260921,1
586,20260922,1
586,20260923,1
586,20260924,1
586,20260925,1
586,20260926,1
586,20260928,1
586,20260929,1
586,20260930,1
586,20261001,1
586,20261002,1
586,20261003,1
586,20261005,1
586,20261006,1
586,20261007,1
586,20261008,1
586,20261009,1
586,20261010,1
586,20261012,1
586,20261013,1
586,20261014,1
586,20261015,1
586,20261016,1
586,20261017,1
586,20261019,1
586,20261020,1
586,20261021,1
586,20261022,1
586,20261023,1
586,20261024,1
586,20261102,1
586,20261103,1
586,20261104,1
586,20261105,1
586,20261106,1
586,20261107,1
586,20261109,1
586,20261110,1
586,20261111,1
586,20261112,1
586,20261113,1
586,20261114,1
586,20261116,1
586,20261117,1
586,20261118,1
586,20261119,1
586,20261120,1
586,20261121,1
586,20261123,1
586,20261124,1
586,20261125,1
586,20261126,1
586,20261127,1
586,20261128,1
586,20261130,1
586,20261201,1
586,20261202,1
586,20261203,1
586,20261204,1
586,20261205,1
586,20261207,1
586,20261208,1
586,20261209,1
586,20261210,1
586,20261211,1
586,20261212,1
587,20260904,1
587,20260905,1
587,20260911,1
587,20260912,1
587,20260918,1
587,20260919,1
587,20260925,1
587,20260926,1
587,20261002,1
587,20261003,1
587,20261009,1
587,20261010,1
587,20261016,1
587,20261017,1
587,20261023,1
587,20261024,1
587,20261030,1
587,20261031,1
587,20261106,1
587,20261107,1
587,20261113,1
587,20261114,1
587,20261120,1
587,20261121,1
587,20261127,1
587,20261128,1
587,20261204,1
587,20261205,1
587,20261211,1
587,20261212,1
588,20260902,1
588,20260903,1
588,20260904,1
588,20260907,1
588,20260908,1
588,20260909,1
588,20260910,1
588,20260911,1
588,20260914,1
588,20260915,1
588,20260916,1
588,20260917,1
588,20260918,1
588,20260921,1
588,20260922,1
588,20260923,1
588,20260924,1
588,20260925,1
588,20260928,1
588,20260929,1
588,20260930,1
588,20261001,1
588,20261002,1
588,20261005,1
588,20261006,1
588,20261007,1
588,20261008,1
588,20261009,1
588,20261012,1
588,20261013,1
588,20261014,1
588,20261015,1
588,20261016,1
588,20261019,1
588,20261020,1
588,20261021,1
588,20261022,1
588,20261023,1
588,20261026,1
588,20261027,1
588,20261028,1
588,20261029,1
588,20261030,1
588,20261102,1
588,20261103,1
588,20261104,1
588,20261105,1
588,20261106,1
588,20261109,1
588,20261110,1
588,20261111,1
588,20261112,1
588,20261113,1
588,20261116,1
588,20261117,1
588,20261118,1
588,20261119,1
588,20261120,1
588,20261123,1
588,20261124,1
588,20261125,1
588,20261126,1
588,20261127,1
588,20261130,1
588,20261201,1
588,20261202,1
588,20261203,1
588,20261204,1
588,20261207,1
588,20261208,1
588,20261209,1
588,20261210,1
588,20261211,1
589,20260906,1
589,20260913,1
589,20260920,1
589,20260927,1
589,20261004,1
589,20261011,1
589,20261018,1
589,20261025,1
589,20261031,1
589,20261101,1
589,20261108,1
589,20261115,1
589,20261122,1
589,20261129,1
589,20261206,1
590,20260828,1
590,20260831,1
590,20260901,1
591,20260828,1
591,20260901,1
591,20260902,1
591,20260903,1
591,20260904,1
591,20260908,1
591,20260909,1
591,20260910,1
591,20260911,1
591,20260915,1
591,20260916,1
591,20260917,1
591,20260918,1
591,20260922,1
591,20260923,1
591,20260924,1
591,20260925,1
591,20260929,1
591,20260930,1
591,20261001,1
591,20261002,1
591,20261006,1
591,20261007,1
591,20261008,1
591,20261009,1
591,20261013,1
591,20261014,1
591,20261015,1
591,20261016,1
591,20261020,1
591,20261021,1
591,20261022,1
591,20261023,1
591,20261103,1
591,20261104,1
591,20261105,1
591,20261106,1
591,20261110,1
591,20261111,1
591,20261112,1
591,20261113,1
591,20261117,1
591,20261118,1
591,20261119,1
591,20261120,1
591,20261124,1
591,20261125,1
591,20261126,1
591,20261127,1
591,20261201,1
591,20261202,1
591,20261203,1
591,20261204,1
591,20261208,1
591,20261209,1
591,20261210,1
591,20261211,1
592,20260831,1
592,20260907,1
592,20260914,1
592,20260921,1
592,20260928,1
592,20261005,1
592,20261012,1
592,20261019,1
592,20261102,1
592,20261109,1
592,20261116,1
592,20261123,1
592,20261130,1
592,20261207,1
593,20260902,1
593,20260903,1
593,20260904,1
593,20260907,1
593,20260908,1
593,20260909,1
593,20260910,1
593,20260911,1
593,20260914,1
593,20260915,1
593,20260916,1
593,20260917,1
593,20260918,1
593,20260921,1
593,20260922,1
593,20260923,1
593,20260924,1
593,20260925,1
593,20260928,1
593,20260929,1
593,20260930,1
593,20261001,1
593,20261002,1
593,20261005,1
593,20261006,1
593,20261007,1
593,20261008,1
593,20261009,1
593,20261012,1
593,20261013,1
593,20261014,1
593,20261015,1
593,20261016,1
593,20261019,1
593,20261020,1
593,20261021,1
593,20261022,1
593,20261023,1
593,20261102,1
593,20261103,1
593,20261104,1
593,20261105,1
593,20261106,1
593,20261109,1
593,20261110,1
593,20261111,1
593,20261112,1
593,20261113,1
593,20261116,1
593,20261117,1
593,20261118,1
593,20261119,1
593,20261120,1
593,20261123,1
593,20261124,1
593,20261125,1
593,20261126,1
593,20261127,1
593,20261130,1
593,20261201,1
593,20261202,1
593,20261203,1
593,20261204,1
593,20261207,1
593,20261208,1
593,20261209,1
593,20261210,1
593,20261211,1
594,20260828,1
594,20260904,1
594,20260911,1
594,20260918,1
594,20260925,1
594,20261002,1
594,20261009,1
594,20261016,1
594,20261023,1
594,20261030,1
594,20261031,1
594,20261106,1
594,20261113,1
594,20261120,1
594,20261127,1
594,20261204,1
594,20261211,1
595,20261030,1
595,20261031,1
595,20261106,1
595,20261107,1
595,20261113,1
595,20261114,1
595,20261120,1
595,20261121,1
595,20261127,1
595,20261128,1
595,20261204,1
595,20261205,1
595,20261211,1
595,20261212,1
596,20260828,1
596,20260829,1
596,20260904,1
596,20260905,1
596,20260911,1
596,20260912,1
596,20260918,1
596,20260919,1
596,20260925,1
596,20260926,1
596,20261002,1
596,20261003,1
596,20261009,1
596,20261010,1
596,20261016,1
596,20261017,1
596,20261023,1
596,20261024,1
597,20260914,1
597,20260915,1
597,20260916,1
597,20260917,1
597,20260918,1
597,20260921,1
597,20260922,1
597,20260923,1
597,20260924,1
597,20260925,1
597,20260928,1
597,20260929,1
597,20260930,1
597,20261001,1
597,20261002,1
597,20261005,1
597,20261006,1
597,20261007,1
597,20261008,1
597,20261009,1
597,20261012,1
597,20261013,1
597,20261014,1
597,20261015,1
597,20261016,1
597,20261019,1
597,20261020,1
597,20261021,1
597,20261022,1
597,20261023,1
597,20261026,1
597,20261027,1
597,20261028,1
597,20261029,1
597,20261030,1
598,20260831,1
598,20260902,1
598,20260907,1
598,20260909,1
598,20260914,1
598,20260916,1
598,20260921,1
598,20260923,1
598,20260928,1
598,20260930,1
598,20261005,1
598,20261007,1
598,20261012,1
598,20261014,1
598,20261019,1
598,20261021,1
598,20261026,1
598,20261028,1
598,20261102,1
598,20261104,1
598,20261109,1
598,20261111,1
598,20261116,1
598,20261118,1
598,20261123,1
598,20261125,1
598,20261130,1
598,20261202,1
598,20261207,1
598,20261209,1
599,20260918,1
599,20260919,1
599,20260925,1
599,20260926,1
599,20261002,1
599,20261003,1
599,20261009,1
599,20261010,1
599,20261016,1
599,20261017,1
599,20261023,1
599,20261024,1
599,20261030,1
599,20261106,1
599,20261107,1
599,20261113,1
599,20261114,1
599,20261120,1
599,20261121,1
599,20261127,1
599,20261128,1
599,20261204,1
599,20261205,1
599,20261211,1
599,20261212,1
600,20260914,1
600,20260915,1
600,20260916,1
600,20260917,1
600,20260920,1
600,20260921,1
600,20260922,1
600,20260923,1
600,20260924,1
600,20260927,1
600,20260928,1
600,20260929,1
600,20260930,1
600,20261001,1
600,20261004,1
600,20261005,1
600,20261006,1
600,20261007,1
600,20261008,1
600,20261011,1
600,20261012,1
600,20261013,1
600,20261014,1
600,20261015,1
600,20261018,1
600,20261019,1
600,20261020,1
600,20261021,1
600,20261022,1
600,20261025,1
600,20261026,1
600,20261027,1
600,20261028,1
600,20261029,1
600,20261101,1
600,20261102,1
600,20261103,1
600,20261104,1
600,20261105,1
600,20261108,1
600,20261109,1
600,20261110,1
600,20261111,1
600,20261112,1
600,20261115,1
600,20261116,1
600,20261117,1
600,20261118,1
600,20261119,1
600,20261122,1
600,20261123,1
600,20261124,1
600,20261125,1
600,20261126,1
600,20261129,1
600,20261130,1
600,20261201,1
600,20261202,1
600,20261203,1
600,20261206,1
600,20261207,1
600,20261208,1
600,20261209,1
600,20261210,1
601,20260828,1
601,20260829,1
601,20260904,1
601,20260905,1
601,20260911,1
601,20260912,1
602,20260830,1
602,20260831,1
602,20260901,1
602,20260902,1
602,20260903,1
602,20260906,1
602,20260907,1
602,20260908,1
602,20260909,1
602,20260910,1
602,20260913,1
603,20261101,1
603,20261102,1
603,20261103,1
603,20261104,1
603,20261105,1
603,20261108,1
603,20261109,1
603,20261110,1
603,20261111,1
603,20261112,1
603,20261115,1
603,20261116,1
603,20261117,1
603,20261118,1
603,20261119,1
603,20261122,1
603,20261123,1
603,20261124,1
603,20261125,1
603,20261126,1
603,20261129,1
603,20261130,1
603,20261201,1
603,20261202,1
603,20261203,1
603,20261206,1
603,20261207,1
603,20261208,1
603,20261209,1
603,20261210,1
604,20261031,1
604,20261106,1
604,20261107,1
604,20261113,1
604,20261114,1
604,20261120,1
604,20261121,1
604,20261127,1
604,20261128,1
604,20261204,1
604,20261205,1
604,20261211,1
604,20261212,1
605,20260918,1
605,20260919,1
605,20260925,1
605,20260926,1
605,20261002,1
605,20261003,1
605,20261009,1
605,20261010,1
605,20261016,1
605,20261017,1
605,20261023,1
605,20261024,1
605,20261030,1
606,20260914,1
606,20260915,1
606,20260916,1
606,20260917,1
606,20260920,1
606,20260921,1
606,20260922,1
606,20260923,1
606,20260924,1
606,20260927,1
606,20260928,1
606,20260929,1
606,20260930,1
606,20261001,1
606,20261004,1
606,20261005,1
606,20261006,1
606,20261007,1
606,20261008,1
606,20261011,1
606,20261012,1
606,20261013,1
606,20261014,1
606,20261015,1
606,20261018,1
606,20261019,1
606,20261020,1
606,20261021,1
606,20261022,1
606,20261025,1
606,20261026,1
606,20261027,1
606,20261028,1
606,20261029,1
607,20261004,1
607,20261005,1
607,20261006,1
607,20261007,1
607,20261008,1
608,20260906,1
608,20260907,1
608,20260908,1
608,20260909,1
608,20260910,1
608,20260913,1
608,20260914,1
608,20260915,1
608,20260916,1
608,20260917,1
609,20260829,1
609,20260912,1
609,20260926,1
610,20260830,1
610,20260831,1
610,20260901,1
610,20260902,1
610,20260903,1
611,20260830,1
611,20260913,1
611,20260927,1
612,20260904,1
613,20260911,1
613,20260912,1
613,20260913,1
614,20260927,1
614,20260928,1
614,20260929,1
614,20260930,1
614,20261001,1
614,20261004,1
614,20261005,1
614,20261006,1
614,20261007,1
614,20261008,1
615,20260927,1
615,20260928,1
615,20260929,1
615,20260930,1
615,20261001,1
615,20261002,1
615,20261003,1
615,20261005,1
615,20261006,1
615,20261007,1
615,20261008,1
616,20260912,1
616,20260913,1
617,20260928,1
617,20260929,1
617,20260930,1
617,20261001,1
617,20261002,1
617,20261003,1
617,20261004,1
617,20261005,1
617,20261006,1
617,20261007,1
617,20261008,1
617,20261009,1
618,20260911,1
618,20260914,1
618,20260915,1
618,20260916,1
618,20260917,1
618,20260921,1
618,20260922,1
618,20260923,1
618,20260924,1
619,20260928,1
619,20260929,1
619,20260930,1
619,20261001,1
619,20261005,1
619,20261006,1
619,20261007,1
619,20261008,1
619,20261009,1
620,20261002,1
620,20261003,1
620,20261004,1
621,20260830,1
621,20260831,1
621,20260901,1
621,20260902,1
621,20260903,1
621,20260906,1
622,20260829,1
622,20260830,1
622,20260905,1
622,20260906,1
622,20260912,1
622,20260913,1
622,20260919,1
622,20260920,1
622,20260926,1
622,20260927,1
622,20261003,1
622,20261004,1
622,20261010,1
622,20261011,1
622,20261017,1
622,20261018,1
622,20261024,1
622,20261025,1
622,20261031,1
622,20261101,1
622,20261107,1
622,20261108,1
622,20261114,1
622,20261115,1
622,20261121,1
622,20261122,1
622,20261128,1
622,20261129,1
622,20261205,1
622,20261206,1
623,20260828,1
623,20260829,1
623,20260830,1
623,20260831,1
623,20260901,1
623,20260902,1
623,20260903,1
623,20260904,1
623,20260905,1
623,20260906,1
623,20260907,1
623,20260908,1
623,20260909,1
623,20260910,1
623,20260911,1
623,20260912,1
623,20260913,1
623,20260914,1
623,20260915,1
623,20260916,1
623,20260917,1
623,20260918,1
623,20260919,1
623,20260920,1
623,20260921,1
623,20260922,1
623,20260923,1
623,20260924,1
623,20260925,1
623,20260926,1
623,20260927,1
623,20260928,1
623,20260929,1
623,20260930,1
623,20261001,1
623,20261002,1
623,20261003,1
623,20261004,1
623,20261005,1
623,20261006,1
623,20261007,1
623,20261008,1
623,20261009,1
623,20261010,1
623,20261011,1
623,20261012,1
623,20261013,1
623,20261014,1
623,20261015,1
623,20261016,1
623,20261017,1
623,20261018,1
623,20261019,1
623,20261020,1
623,20261021,1
623,20261022,1
623,20261023,1
623,20261024,1
623,20261025,1
623,20261026,1
623,20261027,1
623,20261028,1
623,20261029,1
623,20261030,1
623,20261031,1
623,20261101,1
623,20261102,1
623,20261103,1
623,20261104,1
623,20261105,1
623,20261106,1
623,20261107,1
623,20261108,1
623,20261109,1
623,20261110,1
623,20261111,1
623,20261112,1
623,20261113,1
623,20261114,1
623,20261115,1
623,20261116,1
623,20261117,1
623,20261118,1
623,20261119,1
623,20261120,1
623,20261121,1
623,20261122,1
623,20261123,1
623,20261124,1
623,20261125,1
623,20261126,1
623,20261127,1
623,20261128,1
623,20261129,1
623,20261130,1
623,20261201,1
623,20261202,1
623,20261203,1
623,20261204,1
623,20261205,1
623,20261206,1
623,20261207,1
623,20261208,1
623,20261209,1
623,20261210,1
623,20261211,1
624,20260918,1
624,20260925,1
624,20261002,1
624,20261009,1
624,20261016,1
624,20261023,1
624,20261030,1
624,20261106,1
624,20261113,1
624,20261120,1
624,20261127,1
624,20261204,1
624,20261211,1
625,20260903,1
625,20260910,1
625,20260917,1
625,20260924,1
625,20261001,1
625,20261008,1
625,20261015,1
625,20261022,1
625,20261029,1
625,20261105,1
625,20261112,1
625,20261119,1
625,20261126,1
625,20261203,1
625,20261210,1
626,20260901,1
626,20260908,1
626,20260915,1
626,20260922,1
626,20260929,1
626,20261006,1
626,20261013,1
626,20261020,1
626,20261027,1
626,20261103,1
626,20261110,1
626,20261117,1
626,20261124,1
626,20261201,1
626,20261208,1
627,20260901,1
627,20260903,1
627,20260908,1
627,20260910,1
627,20260915,1
627,20260917,1
627,20260922,1
627,20260924,1
627,20260929,1
627,20261001,1
627,20261006,1
627,20261008,1
627,20261013,1
627,20261015,1
627,20261020,1
627,20261022,1
627,20261027,1
627,20261029,1
627,20261103,1
627,20261105,1
627,20261110,1
627,20261112,1
627,20261117,1
627,20261119,1
627,20261124,1
627,20261126,1
627,20261201,1
627,20261203,1
627,20261208,1
627,20261210,1
628,20260917,1
628,20260924,1
628,20261001,1
628,20261008,1
628,20261015,1
628,20261022,1
628,20261029,1
628,20261105,1
628,20261112,1
628,20261119,1
628,20261126,1
628,20261203,1
628,20261210,1
629,20260916,1
629,20260923,1
629,20260930,1
629,20261007,1
629,20261014,1
629,20261021,1
629,20261028,1
629,20261104,1
629,20261111,1
629,20261118,1
629,20261125,1
629,20261202,1
629,20261209,1
630,20260831,1
630,20260907,1
631,20260914,1
631,20260921,1
631,20260928,1
631,20261005,1
631,20261012,1
631,20261019,1
631,20261026,1
631,20261102,1
631,20261109,1
631,20261116,1
631,20261123,1
631,20261130,1
631,20261207,1
632,20260902,1
632,20260909,1
633,20260903,1
633,20260910,1
634,20260828,1
634,20260901,1
634,20260903,1
634,20260904,1
634,20260908,1
634,20260910,1
634,20260911,1
634,20260915,1
634,20260917,1
634,20260918,1
634,20260922,1
634,20260924,1
634,20260925,1
634,20260929,1
634,20261001,1
634,20261002,1
634,20261006,1
634,20261008,1
634,20261009,1
634,20261013,1
634,20261015,1
634,20261016,1
634,20261020,1
634,20261022,1
634,20261023,1
634,20261027,1
634,20261029,1
634,20261030,1
634,20261103,1
634,20261105,1
634,20261106,1
634,20261110,1
634,20261112,1
634,20261113,1
634,20261117,1
634,20261119,1
634,20261120,1
634,20261124,1
634,20261126,1
634,20261127,1
634,20261201,1
634,20261203,1
634,20261204,1
634,20261208,1
634,20261210,1
634,20261211,1
635,20260831,1
635,20260907,1
635,20260914,1
635,20260915,1
635,20260921,1
635,20260922,1
635,20260928,1
635,20260929,1
635,20261005,1
635,20261006,1
635,20261012,1
635,20261013,1
635,20261019,1
635,20261020,1
635,20261026,1
635,20261027,1
635,20261102,1
635,20261103,1
635,20261109,1
635,20261110,1
635,20261116,1
635,20261117,1
635,20261123,1
635,20261124,1
635,20261130,1
635,20261201,1
635,20261207,1
635,20261208,1
636,20260902,1
636,20260909,1
636,20260916,1
636,20260923,1
636,20260930,1
636,20261007,1
636,20261014,1
636,20261021,1
636,20261028,1
636,20261104,1
636,20261111,1
636,20261118,1
636,20261125,1
636,20261202,1
636,20261209,1
637,20260901,1
637,20260908,1
638,20260828,1
638,20260831,1
638,20260901,1
638,20260902,1
638,20260904,1
638,20260907,1
638,20260908,1
638,20260909,1
638,20260911,1
638,20260914,1
638,20260915,1
638,20260916,1
638,20260918,1
638,20260921,1
638,20260922,1
638,20260923,1
638,20260925,1
638,20260928,1
638,20260929,1
638,20260930,1
638,20261002,1
638,20261005,1
638,20261006,1
638,20261007,1
638,20261009,1
638,20261012,1
638,20261013,1
638,20261014,1
638,20261016,1
638,20261019,1
638,20261020,1
638,20261021,1
638,20261023,1
638,20261026,1
638,20261027,1
638,20261028,1
638,20261030,1
638,20261102,1
638,20261103,1
638,20261104,1
638,20261106,1
638,20261109,1
638,20261110,1
638,20261111,1
638,20261113,1
638,20261116,1
638,20261117,1
638,20261118,1
638,20261120,1
638,20261123,1
638,20261124,1
638,20261125,1
638,20261127,1
638,20261130,1
638,20261201,1
638,20261202,1
638,20261204,1
638,20261207,1
638,20261208,1
638,20261209,1
638,20261211,1
639,20260903,1
639,20260910,1
639,20260914,1
639,20260917,1
639,20260921,1
639,20260924,1
639,20260928,1
639,20261001,1
639,20261005,1
639,20261008,1
639,20261012,1
639,20261015,1
639,20261019,1
639,20261022,1
639,20261026,1
639,20261029,1
639,20261102,1
639,20261105,1
639,20261109,1
639,20261112,1
639,20261116,1
639,20261119,1
639,20261123,1
639,20261126,1
639,20261130,1
639,20261203,1
639,20261207,1
639,20261210,1
640,20260915,1
640,20260916,1
640,20260922,1
640,20260923,1
640,20260929,1
640,20260930,1
640,20261006,1
640,20261007,1
640,20261013,1
640,20261014,1
640,20261020,1
640,20261021,1
640,20261027,1
640,20261028,1
640,20261103,1
640,20261104,1
640,20261110,1
640,20261111,1
640,20261117,1
640,20261118,1
640,20261124,1
640,20261125,1
640,20261201,1
640,20261202,1
640,20261208,1
640,20261209,1
641,20260920,1
641,20260927,1
641,20261004,1
641,20261011,1
641,20261018,1
641,20261025,1
641,20261101,1
641,20261108,1
641,20261115,1
641,20261122,1
641,20261129,1
641,20261206,1
642,20261125,1
642,20261202,1
642,20261209,1
643,20260915,1
643,20260922,1
643,20260929,1
643,20261006,1
643,20261013,1
643,20261020,1
643,20261027,1
643,20261103,1
643,20261110,1
643,20261117,1
644,20260915,1
644,20260922,1
644,20260929,1
644,20261006,1
644,20261013,1
644,20261020,1
644,20261027,1
644,20261103,1
644,20261110,1
644,20261117,1
644,20261124,1
644,20261201,1
644,20261208,1
645,20260903,1
645,20260910,1
645,20260914,1
645,20260921,1
645,20260928,1
645,20261005,1
645,20261012,1
645,20261019,1
645,20261026,1
645,20261102,1
645,20261109,1
645,20261116,1
645,20261123,1
645,20261130,1
645,20261207,1
646,20260901,1
646,20260908,1
646,20261124,1
646,20261201,1
646,20261208,1
647,20261123,1
647,20261130,1
647,20261207,1
648,20260914,1
648,20260917,1
648,20260921,1
648,20260924,1
648,20260928,1
648,20261001,1
648,20261005,1
648,20261008,1
648,20261012,1
648,20261015,1
648,20261019,1
648,20261022,1
648,20261026,1
648,20261029,1
648,20261102,1
648,20261105,1
648,20261109,1
648,20261112,1
648,20261116,1
648,20261119,1
649,20260916,1
649,20260923,1
649,20260930,1
649,20261007,1
649,20261014,1
649,20261021,1
649,20261028,1
649,20261104,1
649,20261111,1
649,20261118,1
650,20260903,1
650,20260910,1
650,20261120,1
650,20261126,1
650,20261127,1
650,20261203,1
650,20261204,1
650,20261210,1
650,20261211,1
651,20260918,1
651,20260925,1
651,20261002,1
651,20261009,1
651,20261016,1
651,20261023,1
651,20261030,1
651,20261106,1
651,20261113,1
652,20260902,1
652,20260903,1
652,20260909,1
652,20260910,1
652,20260916,1
652,20260917,1
652,20260923,1
652,20260924,1
652,20260930,1
652,20261001,1
652,20261007,1
652,20261008,1
652,20261014,1
652,20261015,1
652,20261021,1
652,20261022,1
652,20261028,1
652,20261029,1
652,20261104,1
652,20261105,1
652,20261111,1
652,20261112,1
652,20261118,1
652,20261119,1
652,20261125,1
652,20261126,1
652,20261202,1
652,20261203,1
652,20261209,1
652,20261210,1
653,20260831,1
653,20260901,1
653,20260907,1
653,20260908,1
653,20260914,1
653,20260915,1
653,20260921,1
653,20260922,1
653,20260928,1
653,20260929,1
653,20261005,1
653,20261006,1
653,20261012,1
653,20261013,1
653,20261019,1
653,20261020,1
653,20261026,1
653,20261027,1
653,20261102,1
653,20261103,1
653,20261109,1
653,20261110,1
653,20261116,1
653,20261117,1
653,20261123,1
653,20261124,1
653,20261130,1
653,20261201,1
653,20261207,1
653,20261208,1
654,20260831,1
654,20260907,1
654,20261125,1
654,20261202,1
654,20261209,1
655,20260919,1
655,20260926,1
655,20261003,1
655,20261010,1
655,20261017,1
655,20261024,1
655,20261107,1
655,20261114,1
656,20260828,1
656,20260904,1
656,20260911,1
656,20261120,1
656,20261127,1
656,20261204,1
656,20261211,1
657,20260829,1
657,20260905,1
657,20260912,1
657,20261121,1
657,20261128,1
657,20261205,1
657,20261212,1
658,20261123,1
658,20261126,1
658,20261130,1
658,20261203,1
658,20261207,1
658,20261210,1
659,20261124,1
659,20261201,1
659,20261208,1
660,20260828,1
660,20260903,1
660,20260904,1
660,20260910,1
660,20260911,1
660,20261120,1
660,20261126,1
660,20261127,1
660,20261203,1
660,20261204,1
660,20261210,1
660,20261211,1
661,20260903,1
661,20260910,1
661,20260917,1
661,20260918,1
661,20260924,1
661,20260925,1
661,20261001,1
661,20261002,1
661,20261008,1
661,20261009,1
661,20261015,1
661,20261016,1
661,20261022,1
661,20261023,1
661,20261029,1
661,20261030,1
661,20261105,1
661,20261106,1
661,20261112,1
661,20261113,1
661,20261119,1
661,20261120,1
661,20261126,1
661,20261127,1
661,20261203,1
661,20261204,1
661,20261210,1
661,20261211,1
662,20260915,1
662,20260917,1
662,20260922,1
662,20260924,1
662,20260929,1
662,20261001,1
662,20261006,1
662,20261008,1
662,20261013,1
662,20261015,1
662,20261020,1
662,20261022,1
662,20261027,1
662,20261029,1
662,20261103,1
662,20261105,1
662,20261110,1
662,20261112,1
662,20261117,1
662,20261119,1
662,20261124,1
662,20261126,1
662,20261201,1
662,20261203,1
662,20261208,1
662,20261210,1
663,20260901,1
663,20260903,1
663,20260908,1
663,20260910,1
664,20260920,1
664,20260927,1
664,20261004,1
664,20261011,1
664,20261018,1
664,20261025,1
664,20261031,1
664,20261101,1
665,20260830,1
665,20260906,1
665,20260913,1
665,20260920,1
665,20260927,1
665,20261004,1
665,20261011,1
665,20261018,1
665,20261025,1
665,20261031,1
665,20261101,1
666,20260831,1
666,20260901,1
666,20260902,1
666,20260907,1
666,20260908,1
666,20260909,1
666,20260914,1
666,20260915,1
666,20260916,1
666,20260921,1
666,20260922,1
666,20260923,1
666,20260928,1
666,20260929,1
666,20260930,1
666,20261005,1
666,20261006,1
666,20261007,1
666,20261012,1
666,20261013,1
666,20261014,1
666,20261019,1
666,20261020,1
666,20261021,1
666,20261026,1
666,20261027,1
666,20261028,1
666,20261102,1
666,20261103,1
666,20261104,1
666,20261109,1
666,20261110,1
666,20261111,1
666,20261116,1
666,20261117,1
666,20261118,1
666,20261123,1
666,20261124,1
666,20261125,1
666,20261130,1
666,20261201,1
666,20261202,1
666,20261207,1
666,20261208,1
666,20261209,1
667,20260914,1
667,20260916,1
667,20260921,1
667,20260923,1
667,20260928,1
667,20260930,1
667,20261005,1
667,20261007,1
667,20261012,1
667,20261014,1
667,20261019,1
667,20261021,1
667,20261026,1
667,20261028,1
667,20261102,1
667,20261104,1
667,20261109,1
667,20261111,1
667,20261116,1
667,20261118,1
667,20261123,1
667,20261125,1
667,20261130,1
667,20261202,1
667,20261207,1
667,20261209,1
668,20260901,1
668,20260902,1
668,20260908,1
668,20260909,1
669,20260831,1
669,20260907,1
669,20260914,1
669,20260915,1
669,20260916,1
669,20260921,1
669,20260922,1
669,20260923,1
669,20260928,1
669,20260929,1
669,20260930,1
669,20261005,1
669,20261006,1
669,20261007,1
669,20261012,1
669,20261013,1
669,20261014,1
669,20261019,1
669,20261020,1
669,20261021,1
669,20261026,1
669,20261027,1
669,20261028,1
669,20261102,1
669,20261103,1
669,20261104,1
669,20261109,1
669,20261110,1
669,20261111,1
669,20261116,1
669,20261117,1
669,20261118,1
669,20261123,1
669,20261124,1
669,20261125,1
669,20261130,1
669,20261201,1
669,20261202,1
669,20261207,1
669,20261208,1
669,20261209,1
670,20260831,1
670,20260901,1
670,20260903,1
670,20260907,1
670,20260908,1
670,20260910,1
670,20260914,1
670,20260915,1
670,20260917,1
670,20260921,1
670,20260922,1
670,20260924,1
670,20260928,1
670,20260929,1
670,20261001,1
670,20261005,1
670,20261006,1
670,20261008,1
670,20261012,1
670,20261013,1
670,20261015,1
670,20261019,1
670,20261020,1
670,20261022,1
670,20261026,1
670,20261027,1
670,20261029,1
670,20261102,1
670,20261103,1
670,20261105,1
670,20261109,1
670,20261110,1
670,20261112,1
670,20261116,1
670,20261117,1
670,20261119,1
670,20261123,1
670,20261124,1
670,20261126,1
670,20261130,1
670,20261201,1
670,20261203,1
670,20261207,1
670,20261208,1
670,20261210,1
671,20261212,1
672,20261122,1
672,20261129,1
672,20261206,1
673,20260920,1
673,20260927,1
673,20261004,1
673,20261011,1
673,20261018,1
673,20261025,1
673,20261031,1
673,20261101,1
673,20261108,1
673,20261115,1
674,20260914,1
674,20260915,1
674,20260916,1
674,20260917,1
674,20260921,1
674,20260922,1
674,20260923,1
674,20260924,1
674,20260928,1
674,20260929,1
674,20260930,1
674,20261001,1
674,20261005,1
674,20261006,1
674,20261007,1
674,20261008,1
674,20261012,1
674,20261013,1
674,20261014,1
674,20261015,1
674,20261019,1
674,20261020,1
674,20261021,1
674,20261022,1
674,20261026,1
674,20261027,1
674,20261028,1
674,20261029,1
674,20261102,1
674,20261103,1
674,20261104,1
674,20261105,1
674,20261109,1
674,20261110,1
674,20261111,1
674,20261112,1
674,20261116,1
674,20261117,1
674,20261118,1
674,20261119,1
674,20261123,1
674,20261124,1
674,20261125,1
674,20261126,1
674,20261130,1
674,20261201,1
674,20261202,1
674,20261203,1
674,20261207,1
674,20261208,1
674,20261209,1
674,20261210,1
675,20260831,1
675,20260901,1
675,20260902,1
675,20260907,1
675,20260908,1
675,20260909,1
676,20260914,1
676,20260915,1
676,20260916,1
676,20260921,1
676,20260922,1
676,20260923,1
676,20260928,1
676,20260929,1
676,20260930,1
676,20261005,1
676,20261006,1
676,20261007,1
676,20261012,1
676,20261013,1
676,20261014,1
676,20261019,1
676,20261020,1
676,20261021,1
676,20261026,1
676,20261027,1
676,20261028,1
676,20261102,1
676,20261103,1
676,20261104,1
676,20261109,1
676,20261110,1
676,20261111,1
676,20261116,1
676,20261117,1
676,20261118,1
676,20261123,1
676,20261124,1
676,20261125,1
676,20261130,1
676,20261201,1
676,20261202,1
676,20261207,1
676,20261208,1
676,20261209,1
677,20260831,1
677,20260903,1
677,20260907,1
677,20260910,1
677,20260914,1
677,20260917,1
677,20260921,1
677,20260924,1
677,20260928,1
677,20261001,1
677,20261005,1
677,20261008,1
677,20261012,1
677,20261015,1
677,20261019,1
677,20261022,1
677,20261026,1
677,20261029,1
677,20261102,1
677,20261105,1
677,20261109,1
677,20261112,1
677,20261116,1
677,20261119,1
677,20261123,1
677,20261126,1
677,20261130,1
677,20261203,1
677,20261207,1
677,20261210,1
678,20260901,1
678,20260902,1
678,20260908,1
678,20260909,1
678,20260915,1
678,20260916,1
678,20260922,1
678,20260923,1
678,20260929,1
678,20260930,1
678,20261006,1
678,20261007,1
678,20261013,1
678,20261014,1
678,20261020,1
678,20261021,1
678,20261027,1
678,20261028,1
678,20261103,1
678,20261104,1
678,20261110,1
678,20261111,1
678,20261117,1
678,20261118,1
678,20261124,1
678,20261125,1
678,20261201,1
678,20261202,1
678,20261208,1
678,20261209,1
679,20260828,1
679,20260904,1
679,20261016,1
679,20261023,1
679,20261030,1
679,20261106,1
679,20261113,1
679,20261120,1
679,20261127,1
679,20261204,1
679,20261211,1
680,20260830,1
680,20260906,1
680,20261018,1
680,20261025,1
680,20261031,1
680,20261101,1
680,20261108,1
680,20261115,1
680,20261122,1
680,20261129,1
680,20261206,1
681,20261017,1
681,20261024,1
681,20261107,1
681,20261114,1
681,20261121,1
681,20261128,1
681,20261205,1
681,20261212,1
682,20260830,1
682,20260906,1
682,20261018,1
682,20261025,1
682,20261101,1
682,20261108,1
682,20261115,1
682,20261122,1
682,20261129,1
682,20261206,1
683,20260911,1
683,20260918,1
683,20260925,1
683,20261002,1
683,20261009,1
684,20260913,1
684,20260920,1
684,20260927,1
684,20261004,1
684,20261011,1
685,20260919,1
685,20260926,1
685,20261003,1
685,20261010,1
686,20260829,1
686,20260905,1
686,20261017,1
686,20261024,1
686,20261107,1
686,20261114,1
686,20261121,1
686,20261128,1
686,20261205,1
686,20261212,1
687,20260903,1
687,20261015,1
687,20261022,1
687,20261029,1
687,20261105,1
687,20261112,1
687,20261119,1
687,20261126,1
687,20261203,1
687,20261210,1
688,20261018,1
688,20261025,1
688,20261031,1
688,20261101,1
688,20261108,1
688,20261115,1
688,20261122,1
688,20261129,1
688,20261206,1
689,20260910,1
689,20260917,1
689,20260924,1
689,20261001,1
689,20261008,1
690,20260912,1
690,20260919,1
690,20260926,1
690,20261003,1
690,20261010,1
691,20260920,1
691,20260927,1
691,20261004,1
691,20261011,1
692,20261016,1
692,20261023,1
692,20261030,1
692,20261106,1
692,20261113,1
692,20261120,1
692,20261127,1
692,20261204,1
692,20261211,1
693,20260918,1
693,20260925,1
693,20261002,1
693,20261009,1
694,20260902,1
694,20261202,1
694,20261209,1
695,20260829,1
695,20260905,1
695,20261128,1
695,20261205,1
695,20261212,1
696,20260903,1
697,20260909,1
697,20260916,1
697,20260923,1
697,20260930,1
697,20261007,1
697,20261014,1
697,20261021,1
697,20261028,1
697,20261104,1
697,20261111,1
697,20261118,1
697,20261125,1
698,20260913,1
698,20260920,1
698,20260927,1
698,20261004,1
698,20261011,1
698,20261018,1
698,20261025,1
698,20261031,1
698,20261101,1
699,20260912,1
699,20260919,1
699,20260926,1
699,20261003,1
699,20261010,1
699,20261017,1
699,20261024,1
699,20261107,1
699,20261114,1
699,20261121,1
700,20260913,1
700,20260920,1
700,20260927,1
700,20261004,1
700,20261011,1
700,20261018,1
700,20261025,1
700,20261101,1
701,20260910,1
701,20260917,1
701,20260924,1
701,20261001,1
701,20261008,1
701,20261015,1
701,20261022,1
701,20261029,1
702,20260917,1
702,20260924,1
702,20261001,1
702,20261008,1
702,20261015,1
702,20261022,1
702,20261029,1
703,20260828,1
703,20260904,1
703,20261204,1
703,20261211,1
704,20260830,1
704,20260906,1
704,20261129,1
704,20261206,1
705,20260913,1
705,20260920,1
705,20260927,1
705,20261004,1
705,20261011,1
705,20261018,1
705,20261025,1
705,20261101,1
705,20261108,1
705,20261115,1
705,20261122,1
706,20260911,1
706,20260918,1
706,20260925,1
706,20261002,1
706,20261009,1
706,20261016,1
706,20261023,1
706,20261030,1
706,20261106,1
706,20261113,1
706,20261120,1
706,20261127,1
707,20260910,1
708,20260911,1
708,20260918,1
708,20260925,1
708,20261002,1
708,20261009,1
708,20261016,1
708,20261023,1
708,20261030,1
709,20260830,1
709,20260906,1
709,20260913,1
709,20261031,1
710,20260918,1
710,20260925,1
710,20261002,1
710,20261009,1
710,20261016,1
710,20261023,1
710,20261030,1
711,20260831,1
711,20260901,1
711,20260903,1
711,20260907,1
711,20260908,1
711,20260910,1
711,20260914,1
711,20260915,1
711,20260916,1
711,20260917,1
711,20260921,1
711,20260922,1
711,20260923,1
711,20260924,1
711,20260928,1
711,20260929,1
711,20260930,1
711,20261001,1
711,20261005,1
711,20261006,1
711,20261007,1
711,20261008,1
711,20261012,1
711,20261013,1
711,20261014,1
711,20261015,1
711,20261019,1
711,20261020,1
711,20261021,1
711,20261022,1
711,20261026,1
711,20261027,1
711,20261028,1
711,20261029,1
711,20261102,1
711,20261103,1
711,20261104,1
711,20261105,1
711,20261109,1
711,20261110,1
711,20261111,1
711,20261112,1
711,20261116,1
711,20261117,1
711,20261118,1
711,20261119,1
711,20261123,1
711,20261124,1
711,20261125,1
711,20261126,1
711,20261130,1
711,20261201,1
711,20261202,1
711,20261203,1
711,20261207,1
711,20261208,1
711,20261209,1
711,20261210,1
712,20260831,1
712,20260901,1
712,20260902,1
712,20260907,1
712,20260908,1
712,20260909,1
712,20260914,1
712,20260915,1
712,20260916,1
712,20260917,1
712,20260921,1
712,20260922,1
712,20260923,1
712,20260924,1
712,20260928,1
712,20260929,1
712,20260930,1
712,20261001,1
712,20261005,1
712,20261006,1
712,20261007,1
712,20261008,1
712,20261012,1
712,20261013,1
712,20261014,1
712,20261015,1
712,20261019,1
712,20261020,1
712,20261021,1
712,20261022,1
712,20261026,1
712,20261027,1
712,20261028,1
712,20261029,1
712,20261102,1
712,20261103,1
712,20261104,1
712,20261105,1
712,20261109,1
712,20261110,1
712,20261111,1
712,20261112,1
712,20261116,1
712,20261117,1
712,20261118,1
712,20261119,1
712,20261123,1
712,20261124,1
712,20261125,1
712,20261126,1
712,20261130,1
712,20261201,1
712,20261202,1
712,20261203,1
712,20261207,1
712,20261208,1
712,20261209,1
712,20261210,1
713,20260831,1
713,20260901,1
713,20260902,1
713,20260903,1
713,20260907,1
713,20260908,1
713,20260909,1
713,20260910,1
713,20260914,1
713,20260915,1
713,20260917,1
713,20260921,1
713,20260922,1
713,20260924,1
713,20260928,1
713,20260929,1
713,20261001,1
713,20261005,1
713,20261006,1
713,20261008,1
713,20261012,1
713,20261013,1
713,20261015,1
713,20261019,1
713,20261020,1
713,20261022,1
713,20261026,1
713,20261027,1
713,20261029,1
713,20261102,1
713,20261103,1
713,20261105,1
713,20261109,1
713,20261110,1
713,20261112,1
713,20261116,1
713,20261117,1
713,20261119,1
713,20261123,1
713,20261124,1
713,20261126,1
713,20261130,1
713,20261201,1
713,20261203,1
713,20261207,1
713,20261208,1
713,20261210,1
714,20260831,1
714,20260901,1
714,20260902,1
714,20260903,1
714,20260904,1
714,20260908,1
714,20260909,1
714,20260910,1
714,20260914,1
714,20260915,1
714,20260916,1
714,20260917,1
714,20260918,1
714,20260922,1
714,20260923,1
714,20260924,1
714,20260928,1
714,20260929,1
714,20260930,1
714,20261001,1
714,20261002,1
714,20261006,1
714,20261007,1
714,20261008,1
714,20261012,1
714,20261013,1
714,20261014,1
714,20261015,1
714,20261016,1
714,20261020,1
714,20261021,1
714,20261022,1
714,20261026,1
714,20261027,1
714,20261028,1
714,20261029,1
714,20261030,1
714,20261103,1
714,20261104,1
714,20261105,1
714,20261109,1
714,20261110,1
714,20261111,1
714,20261112,1
714,20261113,1
714,20261117,1
714,20261118,1
714,20261119,1
714,20261123,1
714,20261124,1
714,20261125,1
714,20261126,1
714,20261127,1
714,20261201,1
714,20261202,1
714,20261203,1
714,20261207,1
714,20261208,1
714,20261209,1
714,20261210,1
714,20261211,1
715,20260828,1
715,20260907,1
715,20260911,1
715,20260921,1
715,20260925,1
715,20261005,1
715,20261009,1
715,20261019,1
715,20261023,1
715,20261102,1
715,20261106,1
715,20261116,1
715,20261120,1
715,20261130,1
715,20261204,1
716,20260831,1
716,20260901,1
716,20260903,1
716,20260907,1
716,20260908,1
716,20260910,1
717,20260908,1
717,20260909,1
717,20260910,1
717,20260922,1
717,20260923,1
717,20260924,1
717,20261006,1
717,20261007,1
717,20261008,1
717,20261020,1
717,20261021,1
717,20261022,1
717,20261103,1
717,20261104,1
717,20261105,1
717,20261117,1
717,20261118,1
717,20261119,1
717,20261201,1
717,20261202,1
717,20261203,1
718,20260828,1
718,20260831,1
718,20260901,1
718,20260902,1
718,20260903,1
718,20260904,1
718,20260907,1
718,20260911,1
718,20260914,1
718,20260915,1
718,20260916,1
718,20260917,1
718,20260918,1
718,20260921,1
718,20260925,1
718,20260928,1
718,20260929,1
718,20260930,1
718,20261001,1
718,20261002,1
718,20261005,1
718,20261009,1
718,20261012,1
718,20261013,1
718,20261014,1
718,20261015,1
718,20261016,1
718,20261019,1
718,20261023,1
718,20261026,1
718,20261027,1
718,20261028,1
718,20261029,1
718,20261030,1
718,20261102,1
718,20261106,1
718,20261109,1
718,20261110,1
718,20261111,1
718,20261112,1
718,20261113,1
718,20261116,1
718,20261120,1
718,20261123,1
718,20261124,1
718,20261125,1
718,20261126,1
718,20261127,1
718,20261130,1
718,20261204,1
718,20261207,1
718,20261208,1
718,20261209,1
718,20261210,1
718,20261211,1
